,proba,weighted_ext_score,ext_source_3,ext_source_2,days_registration,days_birth,days_id_publish,annuity_to_income_proportion,interest_rate,days_employed,amt_annuity
0,0.3327641206132701,0.3365582763192264,0.5100895,0.46882638,-13252.0,-24248,-4638,0.1302666666666666,10.286382966226505,365243,17586.0
1,0.1647667168806656,0.6567637677860341,0.8128226,0.5851475,-2832.0,-13436,-5901,0.0845428571428571,5.262763196925069,-193,13315.5
2,0.20927631496119886,0.660740637551938,0.66585493,0.41578013,-9257.0,-20066,-3474,0.1854571428571428,16.031722325569575,-153,29209.5
3,0.666125971080747,0.2255135445531536,0.53527623,0.26651978,-4957.0,-16953,-510,0.20924,0.9263040911869692,-4400,23539.5
4,0.2515486161931931,0.503130800946699,0.79226446,0.6677294,-3208.0,-9028,-1695,0.16545,2.38451772076127,-1056,44671.5
5,0.3929445276810413,0.4181608909767079,0.57620883,0.6466736,-1976.0,-17356,-910,0.2667428571428571,1.557296632421834,-1897,42012.0
6,0.6560773604026818,0.2276690267229509,0.6212263,0.0092263855,-644.0,-23233,-4172,0.23025,1.826989682865876,-881,33156.0
7,0.4515510006965235,0.3568197941517482,0.4632753,0.583485,-7970.0,-18719,-2278,0.1711,5.373077905188306,-9768,15399.0
8,0.19779021601467595,0.4978209706807676,0.7517237,0.6965612,-2639.0,-14817,-4892,0.0365466666666666,5.041883844694683,-648,12334.5
9,0.42960217972997594,0.3558477455899367,0.7463002,0.2649283,-4041.0,-19962,-3519,0.10825,0.9643634185798168,-6395,9742.5
10,0.7824464951084797,0.3505918427475524,0.21396685,0.25164637,-1827.0,-14908,-1827,0.3266666666666666,3.668589070030981,-125,22050.0
11,0.6863646085140306,0.3443711466298985,0.30314636,0.41661963,-3833.0,-9400,-1953,0.2590222222222222,2.724447230294258,-536,52452.0
12,0.5259930621166408,0.4775589312275728,0.09261717,0.6033201,-2976.0,-22336,-992,0.1955641025641025,0.7949343386267627,365243,68643.0
13,0.6338819901310816,0.25553928874769,0.4758499,0.25723392,-9548.0,-15828,-3502,0.23186,3.0093052346896743,-2758,52168.5
14,0.6328921738883326,0.2739420405578383,0.162442,0.66340226,-2274.0,-16140,-2280,0.1118846153846153,5.498706542509924,-372,13090.5
15,0.6327747233157515,0.2778744080253729,0.51729655,0.27987823,-1609.0,-16802,-341,0.2020555555555555,5.762908497556762,-1322,16366.5
16,0.14924627515960168,0.6721212151897362,0.7662337,0.58609736,-13390.0,-21511,-4947,0.2007714285714285,5.985265309962706,-14318,31621.5
17,0.6651640960501773,0.2628407350917128,0.15100753,0.6419277,-1029.0,-17129,-666,0.1001346153846153,2.762280235344816,-833,23431.5
18,0.14288943720146066,0.4375707631035926,0.6986675,0.5699751,-3377.0,-21040,-4385,0.3333333333333333,21.314007495657773,-2228,225000.0
19,0.6634741919073996,0.357802761785135,0.32016337,0.49797913,-698.0,-9907,-314,0.2160333333333333,2.69023827658732,-1616,29164.5
20,0.28797514734271557,0.5038527353261825,0.66102356,0.44874454,-8675.0,-8706,-1398,0.0591666666666666,22.045005956744767,-350,7987.5
21,0.27592197858476475,0.4743575960489937,0.6512602,0.7362398,-255.0,-16020,-2225,0.1563111111111111,1.8332418263201644,-1062,31653.0
22,0.22235678206427545,0.4335982699982622,0.508287,0.76999426,-11653.0,-21284,-4302,0.1784222222222222,8.2687408516259,365243,36130.5
23,0.2787762696397228,0.3837797281439876,0.735221,0.36339077,-6418.0,-22555,-4424,0.1666666666666666,10.620975977978109,365243,11250.0
24,0.4862217732031502,0.4204162109935988,0.4382814,0.6394157,-2772.0,-9089,-1752,0.1726,4.564470572753354,-519,19417.5
25,0.3190198755516444,0.5753442964515861,0.7016958,0.5253629,-11870.0,-18715,-2043,0.4114166666666666,2.201218119289728,-12117,22216.5
26,0.41938893832905594,0.5097274792153961,0.7688076,0.20162591,-2657.0,-16228,-2385,0.3192666666666666,4.087712281582245,-2127,43101.0
27,0.42744540852685553,0.3646984840940173,0.80045134,0.23183757,-2901.0,-17125,-686,0.0874666666666666,1.862084261175268,-1681,29520.0
28,0.6941786116162703,0.3372281970969101,0.24054141,0.372698,-5263.0,-12471,-2988,0.175725,4.246628301895528,-515,31630.5
29,0.4980223513460799,0.3304829960702041,0.24585122,0.7447111,-1903.0,-21717,-4150,0.1291555555555555,0.659447287183057,-876,26154.0
30,0.7247180882426465,0.1816069090786962,0.35729328,0.16149798,-5472.0,-18034,-1574,0.023433734939759,7.368158390302737,-4269,8752.5
31,0.5276982965875425,0.2854586908265412,0.5513813,0.26525635,-10927.0,-22048,-3997,0.2935,1.930591673496496,365243,23773.5
32,0.41946951294648166,0.4013673665535836,0.7062051,0.44996196,-7239.0,-13259,-4117,0.34012,1.959904499710663,-179,38263.5
33,0.513447055710246,0.4409741185001203,0.49386287,0.35322994,-284.0,-15895,-4570,0.18888,0.1471237056283714,-733,42498.0
34,0.23844680030205995,0.6290930672809768,0.5531647,0.6533645,-7532.0,-15913,-3950,0.175,10.620975977978109,-3079,15750.0
35,0.6826026434357825,0.0869376542519501,0.53527623,0.26801434,-2626.0,-15026,-4224,0.198,6.1588020226530205,-2916,24948.0
36,0.15226356523996096,0.7196134496200555,0.785052,0.7133054,-1281.0,-11540,-4208,0.1558333333333333,1.92515651712244,-838,42075.0
37,0.5265512434127673,0.3174148617040617,0.6212263,0.28589788,-19.0,-19197,-2428,0.2104333333333333,4.292457170357222,-449,28408.5
38,0.16108107395879442,0.553344192991022,0.6971469,0.70260453,-5895.0,-12330,-4627,0.08365,19.27496468308892,-4770,22585.5
39,0.47204097157784014,0.3439049409915697,0.6058363,0.38472155,-5694.0,-13788,-4242,0.079090909090909,1.4868885179382565,-3822,19575.0
40,0.7194194917041704,0.2265877952129129,0.05763929,0.6342673,-550.0,-15399,-1866,0.10045,1.5550073913220608,-1642,45202.5
41,0.5364172076135212,0.1763484453859922,0.53527623,0.54365295,-914.0,-17467,-998,0.0971,2.7268436150310382,-1337,26217.0
42,0.6010576962261884,0.2735611661966226,0.25946766,0.55404884,-6230.0,-15728,-4180,0.06,2.9117343591587685,-1213,17550.0
43,0.8151192861566495,0.1609730635463404,0.09322509,0.39231142,-5901.0,-13835,-4659,0.1838484848484848,0.1460751642536895,-3565,27301.5
44,0.24043873934206828,0.6588641830856944,0.508287,0.73609966,-10083.0,-16927,-455,0.1331,4.173813122912073,-2654,35937.0
45,0.5290794685087693,0.2885178619743305,0.27933532,0.5780063,-3150.0,-22277,-5818,0.1372142857142857,2.348481555469606,-1454,43222.5
46,0.16227495053875093,0.5327520070885874,0.7862666,0.765734,-65.0,-18589,-2112,0.1666666666666666,10.620975977978109,-7927,22500.0
47,0.3483980803102766,0.5272446540553777,0.51729655,0.64607376,-3286.0,-17386,-906,0.145725,1.8177757625655435,-7926,26230.5
48,0.41753527720480166,0.3799092269203752,0.49927202,0.61453116,-7476.0,-13422,-4450,0.1529777777777777,2.9312945721189587,-1395,30978.0
49,0.2889150433721152,0.6277791223870433,0.6561584,0.5658164,-972.0,-10487,-1142,0.1813166666666666,4.054495699018124,-940,48955.5
50,0.4668434950672995,0.5568337348709067,0.23401517,0.6778192,-3383.0,-14391,-2274,0.14,1.7926354583625903,-3010,37800.0
51,0.5895299387293161,0.3497139586640669,0.508287,0.32022926,-1709.0,-10594,-2141,0.0751,2.75292954662234,-127,16897.5
52,0.728321794764491,0.0347109596401117,0.53527623,0.10700812,-3074.0,-20539,-4034,0.1078333333333333,3.837715958506638,-1682,14557.5
53,0.19270777740820452,0.4762903374731881,0.7032033,0.6842839,-1512.0,-16197,-4301,0.1875666666666666,19.866106837814645,-1428,25321.5
54,0.44497086894268134,0.2116550355765702,0.53527623,0.6524973,-7460.0,-19217,-2691,0.10578,1.553822504158875,-2935,23800.5
55,0.4728283323350839,0.3244231265797119,0.19862005,0.77869016,-3358.0,-20632,-3886,0.2176,4.276757604091652,365243,29376.0
56,0.6474236114655002,0.2670561181403983,0.35895124,0.42307514,-8789.0,-15839,-4949,0.3038181818181818,3.170228873216318,-1391,30078.0
57,0.6592907618187503,0.4020218748859336,0.20092608,0.36729494,-7667.0,-13521,-4589,0.0238416666666666,0.1862635106955945,-3715,12874.5
58,0.37135696018444847,0.3926532239664195,0.59892625,0.5427088,-1340.0,-19731,-3272,0.12772,2.039209604505454,-3282,28737.0
59,0.2764449918397937,0.6595031871560757,0.3376727,0.7893891,-157.0,-20390,-3906,0.1378620689655172,2.992865327858185,-5326,35982.0
60,0.5932929527073343,0.4161537464347586,0.27500036,0.5580974,-6.0,-15994,-4904,0.336,1.7926354583625903,-290,37800.0
61,0.26147767454620807,0.5325310275506068,0.6848277,0.6255349,-10249.0,-11533,-3764,0.1867777777777777,6.804566841957915,-4063,22693.5
62,0.8868943990632794,0.0626263375057883,0.16048893,0.014128651,-3711.0,-14250,-5027,0.141,3.669499049789726,-664,19035.0
63,0.1884853198941724,0.457190313402856,0.7032033,0.6254017,-13299.0,-22689,-5200,0.1895564516129032,6.151467897447316,365243,21154.5
64,0.43750613549723194,0.2496728163507788,0.53527623,0.7696998,-4202.0,-12252,-4197,0.25185,1.751899695752801,-2662,45333.0
65,0.3695820336497402,0.3898258085587933,0.6109913,0.52054036,-4583.0,-19389,-2921,0.0722,3.5200104837707302,-7472,4873.5
66,0.3150844792120138,0.6077478495035493,0.41184855,0.7013419,-4262.0,-14467,-4262,0.1341334527541424,3.3035993533333974,-1066,33696.0
67,0.27375730820206756,0.4272575683001852,0.71215516,0.5231431,-8758.0,-15407,-3731,0.0628666666666666,10.283915034473344,-2506,8487.0
68,0.6667559533062994,0.2482032065629649,0.508287,0.19845209,-330.0,-15370,-4069,0.1899,1.8143178924610703,-5520,34182.0
69,0.26916869809792393,0.4570676400006763,0.66263777,0.67025226,-999.0,-16323,-3933,0.17815,6.591910793029299,-6486,32067.0
70,0.8212371605477625,0.1591721832947445,0.25123945,0.2105807,-4367.0,-9658,-2217,0.136,4.711173618599562,-907,16524.0
71,0.2991763528547644,0.5685677522262258,0.7062051,0.49372622,-63.0,-15195,-4280,0.1869142857142857,0.8421833376493382,-7078,29439.0
72,0.2201223931955044,0.6914041251857652,0.5797274,0.6744961,-2945.0,-18067,-1616,0.0983466666666666,2.004042707967746,-3543,33192.0
73,0.5174868016503996,0.3103286597241465,0.24186149,0.687027,-5458.0,-16657,-38,0.0714,14.857017933503336,-3952,4819.5
74,0.669749388662091,0.2517640056322474,0.08226851,0.6844209,-4340.0,-10309,-2977,0.0746,9.852226459068469,-2821,10071.0
75,0.472807618053434,0.4564447443128239,0.20092608,0.6893123,-1214.0,-20120,-3608,0.09184,4.233004438565491,-1032,20664.0
76,0.3397037486704926,0.5640897064417081,0.53348166,0.6361016,-8731.0,-10945,-2225,0.1095192307692307,0.632466185775904,-1085,25627.5
77,0.22171444935165316,0.6183544378651102,0.57091653,0.699796,-3489.0,-20302,-3489,0.0900857142857142,3.646160740949189,-2247,14188.5
78,0.538574834437823,0.5032843383959608,0.2127563,0.57418275,-8202.0,-15426,-5005,0.2193888888888888,3.295638478387519,-2885,17770.5
79,0.47130473326308703,0.5057364563223385,0.2851799,0.69817185,-3406.0,-15734,-4949,0.2913,2.7268436150310382,-7319,26217.0
80,0.45093375513753275,0.3731343016827491,0.36896873,0.7389275,-2549.0,-11788,-2583,0.1024666666666666,7.40166623449261,-720,13833.0
81,0.6653891744366546,0.4310603137401815,0.39621958,0.1344452,-1659.0,-10900,-2407,0.1825833333333333,6.152613606985469,-2083,49297.5
82,0.45093071945118424,0.3666670831866651,0.7435593,0.3013385,-914.0,-17456,-992,0.1725,1.8435982397603248,-2423,31050.0
83,0.29313138650223414,0.4298172665597911,0.6894792,0.5563169,-343.0,-19925,-3273,0.1721428571428571,3.425916132856277,-6329,54225.0
84,0.5882832136846904,0.2910391870010853,0.5814837,0.24889727,-1786.0,-8993,-1674,0.15895,13.594085045309324,-152,14305.5
85,0.21548966266669153,0.6350274068606642,0.63637614,0.7025543,-9436.0,-17254,-792,0.2151590106007067,3.554968765400024,-9131,54801.0
86,0.6273097596722221,0.3864488668422944,0.5531647,0.066663794,-7837.0,-15658,-4838,0.2394666666666666,3.361981760594301,-2214,16164.0
87,0.5331739864788256,0.3483822866859093,0.40835884,0.61870295,-5119.0,-10774,-3436,0.2264666666666666,2.8867379599879284,-412,30573.0
88,0.39379781918453916,0.5306524933888106,0.37740424,0.6443568,-9015.0,-16690,-241,0.0289142857142857,3.628286983143792,-9011,4554.0
89,0.2724615632908386,0.4408907874815937,0.66745776,0.61500764,-7875.0,-15467,-4983,0.2586,2.62954293619444,365243,34911.0
90,0.286631099166659,0.5220184541035722,0.735221,0.37962028,-6664.0,-20335,-3825,0.1084833333333333,1.860078908874763,-2056,29290.5
91,0.1906429274673217,0.5215388117786023,0.824595,0.68843114,-5806.0,-11995,-3888,0.2720333333333333,5.531542867642036,-3785,73449.0
92,0.4835946781455653,0.4922648469033964,0.32965505,0.5900174,-4183.0,-17237,-647,0.1466333333333333,3.717850223740582,-1458,19795.5
93,0.6915181618484667,0.2740224057892206,0.25670558,0.55855036,-3370.0,-10033,-2516,0.1549090909090909,0.3532700404130118,-558,15336.0
94,0.7849133170255629,0.2053587151069349,0.05763929,0.44636557,-9298.0,-11378,-3317,0.1068,2.8854197754306865,-3440,33642.0
95,0.21240807023146754,0.6123129786413131,0.6801388,0.72190624,-5740.0,-13758,-4594,0.157225,0.4308647595698378,-1604,28300.5
96,0.3426215261141134,0.5616448975899915,0.8297501,0.20352283,-9512.0,-17026,-398,0.20235,2.6226309622799926,-3342,36423.0
97,0.2794258474868533,0.4772431108122704,0.7151031,0.6739534,-5237.0,-16413,-4552,0.37676,3.0631897893805826,-2659,42385.5
98,0.3451272514538291,0.4416696032681179,0.6577838,0.62819463,-10953.0,-17428,-960,0.4051,6.552632321350638,-5088,36459.0
99,0.44322348198697314,0.3419542858404185,0.63470554,0.3465201,-7974.0,-21144,-4194,0.3418666666666666,2.02560375330767,365243,23076.0
100,0.4725197323329102,0.305229644843539,0.19070596,0.7283437,-15644.0,-23902,-1755,0.0784666666666666,1.429237229471747,365243,10593.0
101,0.39691330795812796,0.3732327435928001,0.4382814,0.66195047,-8481.0,-20490,-4033,0.15662,1.811764251211212,-5229,35239.5
102,0.379238032567742,0.3903527512249554,0.48845518,0.6587871,-6999.0,-19803,-3337,0.1279142857142857,1.9928337601828,-5955,20146.5
103,0.2121752552877779,0.5541048851723622,0.6817059,0.64116335,-8425.0,-11395,-3910,0.1023,13.07367088265121,-4611,18414.0
104,0.6860702468628247,0.2473586185967183,0.35233998,0.36972228,-888.0,-10284,-2955,0.1101666666666666,4.194831776398433,-550,29745.0
105,0.4277902030599279,0.3448329509508494,0.37064964,0.649805,-12795.0,-21145,-839,0.2576222222222222,3.0093052346896743,365243,52168.5
106,0.4476115008840452,0.3697244331459218,0.66585493,0.39740068,-2728.0,-17239,-766,0.12724,2.633589484131149,-3037,14314.5
107,0.5304046621602914,0.3168334797508617,0.2851799,0.6587822,-10679.0,-18213,-1766,0.0860222222222222,2.348350569148283,-3025,17419.5
108,0.2173500395284633,0.4716956265179017,0.6801388,0.69583505,-4700.0,-18821,-2355,0.11085,1.9880377818094264,365243,19953.0
109,0.8153539630021729,0.159696095112073,0.2940831,0.16442709,-935.0,-11816,-4141,0.2805238095238095,7.398075753038413,-439,26509.5
110,0.5070125976650015,0.3310655440514313,0.6463299,0.29999128,-4487.0,-15856,-4626,0.25421875,2.76892642097617,-1108,36607.5
111,0.3641066898579818,0.5092244010506274,0.6817059,0.16040532,-8180.0,-17865,-1276,0.11748,16.1520258188667,-3178,26433.0
112,0.600882366060179,0.4048738621085709,0.48485148,0.33112994,-957.0,-11825,-3432,0.35888,5.282928313453228,-844,40374.0
113,0.42376270780909386,0.4051613513721963,0.53527623,0.5679372,-5081.0,-12740,-4807,0.1412333333333333,1.624149134292363,-1656,19066.5
114,0.47641817304154344,0.4823822432741323,0.5744466,0.13183565,-11027.0,-19959,-3405,0.2273333333333333,2.661797430216928,365243,12276.0
115,0.4323688757234359,0.15575876917054,0.53527623,0.4801784,-557.0,-21032,-4042,0.2120333333333333,16.058848345088663,365243,28624.5
116,0.5701646703948601,0.319946446326616,0.38762534,0.5541569,-3334.0,-8140,-813,0.1111111111111111,10.620975977978109,-1548,9000.0
117,0.36342846714266075,0.3802098986811213,0.4258929,0.6972725,-3580.0,-19570,-3122,0.1330715935334873,1.6187033766684955,365243,25929.0
118,0.23354151801957224,0.4841413070030517,0.8193177,0.5790248,-1370.0,-17928,-1426,0.157,6.972645248034515,-3243,17662.5
119,0.2186751418412467,0.6230454957978208,0.73381454,0.68386805,-2916.0,-11512,-677,0.1269310344827586,5.295793269543481,-1354,16564.5
120,0.6567912178799851,0.1294753640437664,0.53527623,0.39915103,-7903.0,-15526,-1256,0.3,5.851968762364468,-911,20250.0
121,0.07152299705261239,0.8179079773842883,0.8625103,0.72917366,-5536.0,-24111,-4475,0.2963846153846153,7.92686005419263,365243,17338.5
122,0.36989711915251,0.2170502988370227,0.53527623,0.66913,-4934.0,-11419,-3739,0.0600285714285714,21.398878966830324,-963,9454.5
123,0.23142823037599242,0.4518714354888243,0.6446794,0.674256,-14.0,-21503,-4733,0.1471666666666666,2.010677446654552,365243,19867.5
124,0.6428086762721141,0.3543802848077294,0.36061257,0.39993796,-4604.0,-9881,-2545,0.2542631578947368,8.511599687302173,-1350,21739.5
125,0.3925030091863748,0.2459122081864217,0.53527623,0.75810647,-9650.0,-15690,-4448,0.2000888888888889,2.9690062773990444,-244,40518.0
126,0.3661793104780737,0.5419888207177332,0.44896227,0.606101,-1673.0,-16127,-4186,0.1752666666666666,1.8914674618260463,-1087,47322.0
127,0.3952051081184141,0.40619667103682,0.5316861,0.65943074,-3291.0,-19444,-2974,0.25595,1.6132866586914707,-377,23035.5
128,0.7155398812974503,0.1791249575668069,0.21396685,0.31364906,-4003.0,-22795,-4423,0.1513333333333333,0.4715958946662324,365243,10215.0
129,0.7834031022950911,0.1952464655964316,0.3656165,0.19426645,-10735.0,-21450,-4043,0.6932941176470588,2.068130918196976,365243,26518.5
130,0.6587478131741369,0.2571765042853101,0.5585066,0.17012268,-1856.0,-19767,-1778,0.2072941176470588,1.3176524534436185,-481,15858.0
131,0.32229960822194254,0.4163648865116636,0.49927202,0.7269179,-8095.0,-19611,-3061,0.0855846153846153,1.908903689752206,-76,25033.5
132,0.42927742123189555,0.3828573848901331,0.4258929,0.70543426,-3822.0,-15276,-4880,0.2009714285714285,1.8332418263201644,-1184,31653.0
133,0.3092637104857559,0.4413128667753832,0.6430256,0.6435496,-8719.0,-16257,-4128,0.2214,2.6785816018740194,-3861,29889.0
134,0.3987770634031846,0.5160480642163053,0.50468135,0.59326655,-8404.0,-17096,-647,0.28855,4.574133274001335,-3101,25969.5
135,0.11200765165237171,0.6872543821194341,0.75839305,0.7568934,-1316.0,-17241,-731,0.1318,19.68260497332144,-3326,29655.0
136,0.671463185240469,0.3822316436398115,0.14199154,0.45711583,-173.0,-14622,-4304,0.091525,3.410006721083514,-1145,16474.5
137,0.2601157726221659,0.4288642018862224,0.6894792,0.55337876,-1295.0,-21154,-4654,0.1388888888888889,10.620975977978109,-520,16875.0
138,0.7531693239474274,0.3456043907975915,0.12217975,0.45867914,-3497.0,-8729,-278,0.17522,3.5736040808111325,-1060,39424.5
139,0.48961935905235837,0.4628277632374029,0.56560796,0.39320847,-11551.0,-11592,-579,0.19472,2.8029246753719983,-2253,21906.0
140,0.23617327490174228,0.6774710405227562,0.8050197,0.4454201,-6274.0,-14278,-4921,0.2718333333333333,0.3656907802113363,-3282,36697.5
141,0.4854340342439772,0.2862439669376246,0.30467218,0.5427468,-9743.0,-22464,-4001,0.1239454545454545,3.16119848475458,365243,30676.5
142,0.3623131633458695,0.4000285825885102,0.44183582,0.74059457,-8827.0,-19368,-2784,0.11182,1.925819811999996,-3018,25159.5
143,0.5838411003218609,0.3090019102080626,0.30467218,0.44241872,-10010.0,-18919,-671,0.1751428571428571,4.018296701029733,365243,22068.0
144,0.5454795023313285,0.4468823106039815,0.45610973,0.47097254,-1569.0,-12215,-2757,0.3248,6.304877624387029,-1449,14616.0
145,0.5134711745227106,0.4693887570598096,0.23661083,0.72028786,-1403.0,-12343,-3769,0.2286792452830188,0.6431747973760116,-1799,54540.0
146,0.27371933174743346,0.5658829830750801,0.6769925,0.5410857,-1542.0,-19688,-3237,0.2619714285714286,4.107860839187705,-2171,41260.5
147,0.5707361404686853,0.2853554974744167,0.37910047,0.4570236,-1296.0,-17368,-880,0.0734181818181818,8.766453584155244,-2540,18171.0
148,0.3851093397206713,0.4856421605795706,0.3457848,0.6059182,-7217.0,-14984,-5181,0.1,10.620975977978109,-3165,24750.0
149,0.201393093241433,0.6633873898245917,0.7252764,0.6489536,-5192.0,-12649,-3498,0.1161846153846153,0.1452904644109631,-1167,33984.0
150,0.2533692374496953,0.4669558494480426,0.68326885,0.67773324,-9404.0,-11676,-3965,0.12674,6.658802838976796,-1216,28516.5
151,0.45811161755133345,0.3374714869684819,0.51369375,0.46762308,-10656.0,-22864,-4497,0.2919090909090909,4.537282084742111,-381,28899.0
152,0.3700709052375154,0.4820758549006571,0.5064842,0.6530524,-3538.0,-8687,-1374,0.0909090909090909,10.620975977978109,-211,9000.0
153,0.5208796553646912,0.3513474093092624,0.6690567,0.33717754,-1427.0,-13334,-1250,0.2771388888888889,2.766836193423572,-356,44896.5
154,0.22290984689569263,0.6721545537334443,0.7675231,0.60632545,-1125.0,-14955,-4207,0.3128235294117647,1.9277550027686048,-1987,23931.0
155,0.6360049314921794,0.2952726908129779,0.2091547,0.67707855,-7589.0,-13469,-4332,0.3599,2.935435040293255,-2862,48586.5
156,0.7832313767386643,0.179359422619151,0.29708663,0.22169706,-3816.0,-12141,-3817,0.1830253545337344,2.48252919616061,-3279,38331.0
157,0.6581079314363457,0.2789858964147274,0.24585122,0.5859541,-3940.0,-10192,-2167,0.4908636363636364,18.47224032253348,-1371,48595.5
158,0.5631202896093496,0.2910691672937826,0.32806316,0.5315422,-1416.0,-12046,-3903,0.0571428571428571,10.620975977978109,-954,9000.0
159,0.48775734449112396,0.5063472612941461,0.3077367,0.6733717,-5629.0,-11280,-1499,0.2640857142857143,5.400505175097492,-2012,41593.5
160,0.28472898522346074,0.4414706340668738,0.7223929,0.555545,-6585.0,-16539,-83,0.1625,10.620975977978109,-1250,29250.0
161,0.6680681410110668,0.3399319808445552,0.23401517,0.4985805,-8685.0,-8708,-1139,0.0423818181818181,2.687489098018858,-990,10489.5
162,0.6391329811052627,0.3812320444616613,0.13595104,0.58036745,-6303.0,-12291,-4129,0.1071230769230769,0.6623323900712075,-2682,31333.5
163,0.29768816167666995,0.4074410469759,0.89600956,0.25706267,-9448.0,-22671,-1623,0.25584,1.862084261175268,365243,28782.0
164,0.5271679676404334,0.3473505799908667,0.41184855,0.6116315,-3128.0,-13882,-4667,0.28375,3.2308359537540854,-3967,25537.5
165,0.6944228736454525,0.2363799310863984,0.40314168,0.2792352,-3533.0,-17325,-848,0.194,3.913881711815725,-1168,30555.0
166,0.25646463246086204,0.4511318617961792,0.62461466,0.6943473,-6807.0,-21406,-3969,0.1065833333333333,0.8527808675114379,-4472,28777.5
167,0.30332415505911303,0.2188765925475128,0.53527623,0.67476016,-6454.0,-24559,-2310,0.16685,17.0330161411125,365243,15016.5
168,0.4358990580146589,0.2908808261046079,0.53527623,0.70436525,-4305.0,-11983,-1716,0.19216,4.6977512469178695,-1825,43236.0
169,0.5096063838297924,0.1975860319729672,0.53527623,0.6091249,-528.0,-16509,-22,0.1448888888888889,5.511387643519927,-1901,29340.0
170,0.4218745093330246,0.2365466790117724,0.53527623,0.7292341,-2967.0,-19142,-2689,0.3345428571428571,7.115047089948789,-2554,52690.5
171,0.5822772098293205,0.3593165119654382,0.29859498,0.60420424,-4156.0,-13742,-5016,0.31565,4.292457170357222,-524,28408.5
172,0.6856261822409226,0.3134188935196762,0.20796417,0.35240605,-5592.0,-15213,-4088,0.0802916666666666,6.302439373973523,-1091,8671.5
173,0.44691986181230553,0.3542195195306364,0.4382814,0.60333586,-18337.0,-18665,-2144,0.2014333333333333,3.67279320857663,-2595,27193.5
174,0.47958385516803964,0.3547617319645627,0.39794633,0.6499792,-979.0,-11826,-3847,0.0633333333333333,3.141768340793938,-516,21375.0
175,0.22342094123540476,0.629251814430835,0.78260785,0.62631315,-6231.0,-11904,-2218,0.2132333333333333,1.610814388423809,-1057,28786.5
176,0.3435971087869158,0.5366983934979382,0.41359675,0.71742404,-2938.0,-15921,-4639,0.14355,2.348568805414164,-246,25839.0
177,0.18688735661386244,0.6898529909492689,0.6528965,0.65271044,-9725.0,-21284,-4456,0.199375,1.9292258400437576,-1847,21532.5
178,0.38337396569949883,0.3807516472013104,0.82770264,0.25094283,-9247.0,-19584,-3121,0.20845,3.25076363213761,-1258,18760.5
179,0.2594205829339875,0.4805843996079456,0.6956219,0.7059747,-10111.0,-18001,-1554,0.24068,3.215144584117735,-1255,27076.5
180,0.5513574345201294,0.3218388028986615,0.66585493,0.24977724,-160.0,-11284,-3966,0.1904571428571428,2.935334048945726,-1801,29997.0
181,0.5847991442286748,0.2614776311644705,0.39794633,0.36239982,-4975.0,-20924,-3660,0.2352857142857143,2.755662003177961,365243,22234.5
182,0.5825619360564597,0.1336580449112465,0.53527623,0.41204554,-901.0,-13275,-4628,0.15,10.620975977978109,-3611,20250.0
183,0.21554242272685073,0.486454809472982,0.63470554,0.7919912,-854.0,-18886,-2427,0.1030857142857142,6.151071431300448,-95,32472.0
184,0.6952963987422842,0.2530852731046494,0.22009465,0.5348242,-2018.0,-16722,-251,0.1485,3.388889752843593,-1984,13365.0
185,0.34902247063139796,0.3880231667077615,0.53707,0.59740204,-5318.0,-19219,-2753,0.1383285714285714,7.130288348914404,-665,43573.5
186,0.47795591158302847,0.3808229463701067,0.41534716,0.71092045,-1001.0,-14037,-4893,0.2404666666666666,0.5796734145490756,-5443,16231.5
187,0.23397132708418095,0.4606618871921427,0.79813725,0.5302569,-13337.0,-19898,-3428,0.1122,2.038924617625848,-6163,22720.5
188,0.3267993662886027,0.5411250020777589,0.3842068,0.6680495,-6544.0,-19985,-3431,0.0967714285714285,7.131448888358616,-2467,15241.5
189,0.6347941998823917,0.337224484567044,0.27213368,0.36667517,-4616.0,-11273,-3891,0.0666666666666666,10.620975977978109,-1167,13500.0
190,0.5921211637701971,0.2192004339276496,0.5208976,0.09498111,-4445.0,-23533,-4439,0.1231363636363636,4.821797777383274,365243,12190.5
191,0.2957680973758908,0.4107858455334081,0.5513813,0.65161914,-4260.0,-21814,-4408,0.1574814814814814,1.0200492132227623,365243,19134.0
192,0.3962440494578123,0.4115455476771533,0.563835,0.64007586,-4544.0,-10008,-2676,0.1244545454545454,2.0296992496886324,-708,30802.5
193,0.7882900969409671,0.1632575838705214,0.16540746,0.31887412,-8867.0,-16132,-4382,0.2251111111111111,7.326012614668698,-1671,9117.0
194,0.11219633399742235,0.5198112723204246,0.8182475,0.6901826,-6225.0,-24536,-4586,0.26105,16.28528609509616,365243,23494.5
195,0.45789152776080866,0.3818282353009104,0.5726825,0.53859776,-4199.0,-10815,-2185,0.17544,1.5597220007393495,-193,39474.0
196,0.4316273675999387,0.3525862656374459,0.48124933,0.5503935,-3512.0,-15914,-5291,0.0618,5.431690725403637,-2801,6952.5
197,0.5179085275767711,0.2859565080182844,0.20559815,0.6523237,-9380.0,-21797,-1445,0.0481927710843373,10.620975977978109,-3575,18000.0
198,0.8331024962741854,0.1162233874273538,0.13259749,0.21045715,-5908.0,-14208,-4487,0.0691428571428571,4.615647185914384,-872,10890.0
199,0.3702735989648675,0.5236272954444317,0.5513813,0.6238379,-2777.0,-10111,-2513,0.18672,4.723901863916646,-1859,21006.0
200,0.4444221159774548,0.5033496443725137,0.5100895,0.21346687,-5965.0,-19526,-3066,0.0369975,0.8909168772058385,-2279,66595.5
201,0.5661184543833967,0.3422281890655428,0.29708663,0.7237944,-4147.0,-13400,-1525,0.2664,3.15638580360984,-109,29970.0
202,0.29624442460998124,0.4793673458384226,0.7463002,0.6457187,-6860.0,-14575,-2130,0.3680666666666666,5.6463095175507405,-2146,24844.5
203,0.2877628749496409,0.4550152841548865,0.6722429,0.6532159,-6218.0,-15803,-4547,0.3068666666666667,5.859037873319872,-1071,41427.0
204,0.2045553215050148,0.4685676660877101,0.6479769,0.72205114,-1137.0,-20626,-4059,0.3035,9.403221120406148,-664,109260.0
205,0.4299145435462799,0.4651141533159333,0.66263777,0.44845787,-279.0,-10892,-3463,0.2686,1.6167929030843189,-2264,36261.0
206,0.887446820148143,0.1036193737910565,0.23661083,0.055630874,-110.0,-9555,-712,0.06878125,0.19376321711837,-618,9904.5
207,0.7509745262186995,0.1801926500650797,0.3842068,0.12713069,-9147.0,-21383,-1075,0.3293333333333333,2.6702755583182025,365243,17784.0
208,0.1778510824196271,0.642180637105232,0.68326885,0.7591876,-2398.0,-14400,-4731,0.1288166666666666,2.347410222615532,-787,34780.5
209,0.49722837637166195,0.4445998392166523,0.3740208,0.40508127,-2258.0,-10379,-2878,0.1401428571428571,19.295760932610385,-2336,22072.5
210,0.25850549016218716,0.4196212046016417,0.56737924,0.6610201,-14632.0,-22552,-1627,0.0976071428571428,4.034030340780848,365243,12298.5
211,0.3882007260429811,0.5162060599023761,0.44717857,0.72927296,-3163.0,-12588,-5028,0.292391304347826,1.557693661068238,-3824,30262.5
212,0.460038889061477,0.213476755573113,0.53527623,0.65811336,-8933.0,-18598,-2139,0.1004705882352941,1.290448115208087,-1810,7686.0
213,0.2669964670195271,0.5878883595894069,0.5937176,0.7053297,-5023.0,-10988,-3184,0.0845818181818181,1.974251297830465,-3821,20934.0
214,0.6197917103510672,0.3781697061305581,0.18959527,0.5260281,-784.0,-10066,-2759,0.05,10.620975977978109,-516,6750.0
215,0.18435329636837713,0.6863451007004349,0.7252764,0.4767843,-7656.0,-22972,-4725,0.3643333333333333,6.752952952281688,365243,24592.5
216,0.3533941824359062,0.5862930855978552,0.27213368,0.7479032,-5494.0,-15795,-4650,0.1057666666666666,4.548480455336867,-1855,28557.0
217,0.49117535091752185,0.2950177528703209,0.7862666,0.032838803,-4135.0,-10047,-2599,0.1004074074074074,20.6078276905636,-2468,12199.5
218,0.5626475499537904,0.3630705582496888,0.41709965,0.40160796,-2946.0,-10580,-3269,0.1184,7.962014379761895,-124,26640.0
219,0.3213543200165744,0.5762206566281195,0.48485148,0.63377,-2163.0,-15262,-5517,0.1347,1.9221929010054373,-365,24246.0
220,0.5138349392820606,0.3522551173478654,0.58323795,0.4356599,-1084.0,-11330,-2729,0.1921944444444444,2.6649247534693776,-2477,31135.5
221,0.5211728313973014,0.4741283279714017,0.2940831,0.311122,-9847.0,-24117,-4718,0.0861,4.85440846591334,-2715,11623.5
222,0.35476079726299087,0.4078021561845749,0.6313545,0.5532544,-2634.0,-13715,-4809,0.1349333333333333,4.342548674651092,-4174,27324.0
223,0.8451656715543407,0.2733786340773398,0.065993205,0.2631436,-4504.0,-10649,-1002,0.2942666666666667,6.7100044535153724,-1044,39726.0
224,0.8125463827972045,0.184178534776254,0.18629295,0.2695788,-10175.0,-10571,-3195,0.1221333333333333,0.4731728476764063,-986,24732.0
225,0.6511909711049298,0.3859649307697179,0.33125088,0.3279942,-5621.0,-11647,-2932,0.1542727272727272,5.114056733910699,-391,15273.0
226,0.7298188546030296,0.2288731180613212,0.11175637,0.58097446,-399.0,-11082,-3435,0.1048421052631578,4.2410016173807685,-3593,17928.0
227,0.5425838528866576,0.3692721309681955,0.3062023,0.6282815,-2247.0,-8649,-1156,0.0666666666666666,10.620975977978109,-1119,9000.0
228,0.3597830716535673,0.3660137257919287,0.6738301,0.37706923,-5.0,-22626,-4207,0.1428571428571428,10.620975977978109,-217,11250.0
229,0.3706514282546204,0.4992603195794645,0.53707,0.53039855,-4685.0,-15767,-3576,0.16864,5.948470717431054,-5400,18972.0
230,0.13492064521600464,0.7153633490214564,0.7281413,0.7095974,-8948.0,-14805,-5490,0.2953421052631579,11.973330598845733,-240,50503.5
231,0.3810615421411012,0.5280418101717356,0.45969045,0.6071029,-11398.0,-19431,-2115,0.2572753367189225,2.7268436150310382,-11824,26217.0
232,0.5826252762762805,0.2973767261114409,0.4632753,0.4002319,-3556.0,-15361,-4874,0.2408,4.658588392196239,-3326,21672.0
233,0.5516728615503005,0.2586672184710064,0.21035023,0.562897,-1495.0,-22221,-4713,0.0566666666666666,10.620975977978109,-1786,19125.0
234,0.5548462923790272,0.2964051795188325,0.563835,0.28511724,-2666.0,-13261,-2666,0.101,9.61084512397916,-659,6817.5
235,0.4518050959483302,0.2889043490849819,0.53527623,0.6780818,-10968.0,-11000,-2274,0.27788,7.874425963126019,-968,31261.5
236,0.7077237100311596,0.2295570990732418,0.27788568,0.39785635,-6936.0,-15827,-1777,0.168,1.7926354583625903,-3010,37800.0
237,0.28683321732174827,0.4264987140233351,0.62630427,0.61652356,-3087.0,-18773,-2314,0.1444444444444444,10.620975977978109,-251,29250.0
238,0.28818974808457026,0.4233478658045654,0.66263777,0.5662998,-9953.0,-20278,-2560,0.295225,1.8585352948174536,365243,53140.5
239,0.25292146892329764,0.4580406403312222,0.6463299,0.6914344,-11753.0,-19303,-2855,0.25865,6.806757983632572,-4266,46557.0
240,0.33426636089185996,0.5273287342456371,0.5797274,0.65174323,-3383.0,-11629,-3485,0.1942,2.7268436150310382,-2567,26217.0
241,0.3397493724869323,0.4152032640797614,0.70769936,0.4909497,-7791.0,-20697,-3892,0.2691428571428571,0.3491252752225504,-6821,42390.0
242,0.4324914498902343,0.3595253956167836,0.5190973,0.5295869,-372.0,-12840,-363,0.12258,15.12526236235452,-1201,27580.5
243,0.4386448954040404,0.5133577527028863,0.09261717,0.6636171,-3692.0,-21596,-5056,0.0967888888888888,1.8851410580202896,365243,39199.5
244,0.29599513845009773,0.4463133954940143,0.5744466,0.7354279,-5329.0,-16355,-4330,0.15422,1.6360935604026183,-7428,34699.5
245,0.2759894262008608,0.5588944986585784,0.5460232,0.50439715,-9661.0,-22435,-4914,0.0865050505050505,5.389256560728106,-6054,19269.0
246,0.6262759983608088,0.2757575515387521,0.42413032,0.37722847,-6464.0,-12995,-4043,0.0969210526315789,0.3044909998291656,-3287,16573.5
247,0.6064369548125458,0.3839144212743438,0.21640296,0.564446,-3856.0,-9005,-1620,0.1,10.620975977978109,-764,13500.0
248,0.37191980755021903,0.4138913343036957,0.53527623,0.67041177,-3551.0,-8729,-1410,0.0642857142857142,10.620975977978109,-824,10125.0
249,0.187158894690838,0.6193761455850245,0.62630427,0.70189124,-1160.0,-11918,-4579,0.1725833333333333,15.640678798713914,-2756,46597.5
250,0.17557779781210714,0.7041861561635124,0.5567274,0.7746049,-7662.0,-22881,-2601,0.39776,4.420484752808473,365243,44748.0
251,0.35624573681659333,0.3807458621360698,0.5691488,0.5392009,-6613.0,-13352,-4500,0.03125,10.620975977978109,-6095,7875.0
252,0.8680568347891536,0.1712159793863017,0.05724877,0.34488782,-3077.0,-8296,-556,0.20844,4.0233439542941785,-164,23449.5
253,0.53187765028625,0.4870980164374611,0.30314636,0.5426491,-5716.0,-17044,-576,0.2005,1.9752072638505425,-2187,36090.0
254,0.6105778966090124,0.3428057923241756,0.4650692,0.3999642,-1437.0,-9073,-1751,0.07434375,1.028325647043382,-1032,10705.5
255,0.7332272255937853,0.1101768863824755,0.53527623,0.1003587,-2795.0,-13136,-4088,0.1365230769230769,2.7750950317010803,-5574,39933.0
256,0.5288275566430208,0.3306995830348669,0.58323795,0.36920777,-1048.0,-14209,-605,0.1052533333333333,1.978816034068776,-2323,35523.0
257,0.3438400304229264,0.3741606311312369,0.51549536,0.5787209,-7129.0,-20739,-4215,0.1757,5.3380953232158745,365243,15813.0
258,0.5203456465480258,0.2638261636369414,0.6075573,0.13593315,-406.0,-23906,-4416,0.1297619047619047,1.85954198967182,365243,24525.0
259,0.23497722202427604,0.4621073050797891,0.832785,0.4960822,-236.0,-17790,-1325,0.0904255319148936,10.620975977978109,-4515,19125.0
260,0.7160809159715119,0.352680119660641,0.19977057,0.4154296,-1578.0,-13063,-4259,0.2512777777777777,3.103774011228277,-1661,20353.5
261,0.7425345134947865,0.1867780694274728,0.28371188,0.25947976,-7691.0,-14044,-4384,0.1605428571428571,3.009389851801348,-2756,50571.0
262,0.8007769090406539,0.1577314902455706,0.066439174,0.41218328,-1858.0,-12916,-5578,0.19672,8.064758492650359,-692,22131.0
263,0.5323964284686831,0.2685730433592674,0.30314636,0.4899715,-6905.0,-23142,-2023,0.0424680851063829,2.7786277482288124,365243,8982.0
264,0.3813226285116123,0.4840937251374937,0.5388627,0.5843404,-5375.0,-11258,-3675,0.1070444444444444,2.0651442936309605,-790,21676.5
265,0.4552046292452769,0.3050122970061704,0.5495965,0.32752684,-10219.0,-22676,-4377,0.2639777777777777,1.856838223670109,365243,53455.5
266,0.7348651420107225,0.3100265087373393,0.15568937,0.27794313,-3656.0,-12716,-4202,0.1243703703703703,11.319571504745628,-393,15111.0
267,0.6585007775577048,0.251659685914656,0.10479462,0.6589837,-7989.0,-19253,-2807,0.1412222222222222,1.616434335510819,-8863,28597.5
268,0.5151876354582445,0.3490819869419682,0.4974689,0.5215063,-5050.0,-10880,-3482,0.1613,2.3522351798308527,-3237,21775.5
269,0.7516737059189905,0.017149893000006,0.53527623,0.05287027,-5737.0,-16137,-3782,0.04054,5.895171236372598,-6619,9121.5
270,0.2699144425217208,0.5807248178518973,0.41184855,0.71455145,-3819.0,-19223,-2692,0.045,10.620975977978109,-3078,10125.0
271,0.34397693397940277,0.472922140173844,0.4740513,0.7139132,-8436.0,-13216,-3498,0.07276,3.007199440863761,-4762,16371.0
272,0.23835272152814152,0.4888423720857051,0.6769925,0.7522036,-7600.0,-17461,-999,0.11665,2.811176564751805,-3372,20997.0
273,0.384500600812875,0.3296169237354101,0.508287,0.44943705,-6075.0,-23955,-4931,0.3694666666666666,16.188849297297025,365243,24939.0
274,0.4448641491895241,0.3932679849727242,0.49386287,0.66174495,-2162.0,-10353,-2978,0.1816333333333333,0.3791273239067916,-1308,49041.0
275,0.5736474025212992,0.1679995522650112,0.53527623,0.5179147,-5160.0,-13333,-4411,0.1812666666666666,0.9195661300996472,-1366,24471.0
276,0.5585936793323165,0.3670213328835983,0.2636468,0.6872244,-4069.0,-9332,-1982,0.1399358974358974,3.022382211602359,-873,49117.5
277,0.32447058846337823,0.493878641830313,0.5902333,0.51926315,-12297.0,-18244,-1785,0.1002444444444444,4.684172512789142,-2419,20299.5
278,0.14944493382770124,0.5173253128601898,0.81391746,0.6873466,-15425.0,-23137,-4316,0.3528,5.800583856708097,365243,23814.0
279,0.417468995064179,0.3752719167234486,0.7738957,0.29404205,-10232.0,-18047,-1601,0.2035333333333333,3.762932116762374,-2231,13738.5
280,0.8396840581966504,0.1318321970685384,0.3062023,0.06501496,-810.0,-12285,-4646,0.231625,2.5880350924250006,-467,41692.5
281,0.5698313875584203,0.3229599840713411,0.38079968,0.57105744,-3548.0,-16973,-505,0.18275,1.5597220007393495,-4152,26316.0
282,0.2797863503044578,0.4698216946521419,0.7394118,0.6239713,-10024.0,-14769,-293,0.1349333333333333,2.888528038178117,-140,18216.0
283,0.6555743805075178,0.3492641696353141,0.40140742,0.33067483,-4832.0,-9974,-2643,0.17585,1.8332418263201644,-116,31653.0
284,0.22413757429787237,0.6295104407817995,0.48665315,0.7085734,-5474.0,-19294,-2840,0.09356,1.5538905227287625,365243,21051.0
285,0.6039665950878478,0.2305999658081936,0.20559815,0.48166868,-14371.0,-22239,-4333,0.1506333333333333,1.9658997549038213,365243,20335.5
286,0.6578225482018347,0.2242405414420393,0.3457848,0.23444527,-12883.0,-23672,-4197,0.3110666666666666,5.720807014556284,365243,10498.5
287,0.3231277615456879,0.4360168612303297,0.6817059,0.5840961,-3777.0,-11171,-3776,0.1652765957446808,5.389072673250195,-2857,34956.0
288,0.27145547123492536,0.4327332133996362,0.7435593,0.5050094,-7693.0,-19534,-3072,0.2509333333333333,2.636239028928577,365243,33876.0
289,0.7127537418691097,0.1869372620023045,0.24719094,0.30068973,-1432.0,-19651,-2052,0.222125,8.026903125060269,365243,23989.5
290,0.430961908216348,0.5187697795445978,0.18848953,0.63730043,-8059.0,-18126,-1640,0.2615111111111111,18.40938842976509,-1611,52956.0
291,0.43520281492540663,0.3573437059230346,0.30314636,0.7636367,-4589.0,-18164,-1618,0.0632368421052631,8.340093789628344,-865,10813.5
292,0.1954260479792299,0.5548641869762372,0.81061804,0.5945745,-5065.0,-14313,-4287,0.1408666666666666,8.943334839231065,-3781,9508.5
293,0.7672693869324677,0.0360802660180859,0.53527623,0.111229464,-3784.0,-9326,-2013,0.1125,10.620975977978109,-379,10125.0
294,0.3414779463012651,0.3870523986849222,0.79813725,0.30333108,-6818.0,-18636,-2196,0.15232,8.112397687301542,-1505,34272.0
295,0.3116496773643369,0.4950958822151509,0.53527623,0.6252429,-2202.0,-16895,-449,0.14125,9.701244432469336,-679,50850.0
296,0.2123398679204007,0.4774794554959184,0.6380435,0.7606,-6436.0,-19504,-2759,0.26105,16.28528609509616,-12233,23494.5
297,0.3990309384924302,0.3651938526740037,0.52809274,0.5370323,-8172.0,-14432,-4112,0.12,10.620975977978109,-2728,13500.0
298,0.5855737464152927,0.4093056314587904,0.2091547,0.6532407,-11042.0,-11050,-1845,0.15835,1.8700185498822908,-650,28503.0
299,0.22142469472973614,0.5036377100474937,0.7726311,0.69118243,-712.0,-17735,-1289,0.1907,4.487703099502372,-1739,34326.0
300,0.0907272382869462,0.7406793996478314,0.83478415,0.64656866,-8248.0,-21517,-4830,0.2139230769230769,2.965415527049009,365243,62572.5
301,0.6740700689599902,0.2710828654011444,0.24054141,0.39526084,-7538.0,-14134,-4392,0.1269444444444444,2.432408297385491,-2327,51412.5
302,0.44506518567798564,0.4570179818088075,0.5424451,0.51672983,-1603.0,-10398,-2955,0.1621428571428571,3.2308359537540854,-872,25537.5
303,0.2894800822162179,0.540963701193385,0.6512602,0.6157167,-4366.0,-12147,-3548,0.2063833333333333,1.8524729505591253,-1289,55723.5
304,0.34467703194432486,0.406979402231289,0.82770264,0.33179864,-4041.0,-12327,-4067,0.0861071428571428,5.6691271542646415,-1374,10849.5
305,0.5824855619754291,0.2601749515180905,0.48665315,0.25947976,-567.0,-22104,-4155,0.1828181818181818,0.9163020595945204,365243,9049.5
306,0.2178854385178406,0.652020378804992,0.64136827,0.5512808,-161.0,-19652,-3185,0.24664,6.690478508760767,-10469,83241.0
307,0.5190774095473296,0.422824266675724,0.6313545,0.1900808,-245.0,-15278,-4170,0.17148,3.2195561160111907,-1081,19291.5
308,0.2098671510770577,0.6272757236348331,0.6561584,0.5311447,-10411.0,-21582,-3915,0.1404444444444444,0.625752283152714,365243,5688.0
309,0.562014806271585,0.4101083158640559,0.1951984,0.6401615,-2045.0,-13806,-2079,0.1473090909090909,6.552632321350638,-1941,36459.0
310,0.5279605584376474,0.2833209675706974,0.53527623,0.63298804,-3590.0,-9253,-1912,0.2514545454545454,2.8658670371595862,-436,24894.0
311,0.3370458924136021,0.3865195856171428,0.508287,0.6248585,-56.0,-23653,-2476,0.1650888888888889,1.8240246402264404,365243,33430.5
312,0.4996267456261042,0.3599105218987912,0.4632753,0.5930132,-1502.0,-12830,-4340,0.2156,3.646035316184526,-1593,14553.0
313,0.2991274103151625,0.6657762276646512,0.60238636,0.6808536,-7341.0,-18255,-1789,0.4808666666666666,0.8132443414484936,-2922,32458.5
314,0.7658481911434574,0.1183777983894292,0.53527623,0.14198947,-1197.0,-9610,-777,0.1593777777777777,3.1422132425377614,-801,32274.0
315,0.4898334186016401,0.3133296087996962,0.53527623,0.505649,-2298.0,-13023,-3905,0.1317777777777777,3.20369395237341,-1853,26685.0
316,0.7020260284389748,0.2201419226088523,0.47764915,0.14610364,-5395.0,-17489,-1027,0.0598,1.7420083037559708,-827,6727.5
317,0.8551633357671293,0.1952639024980194,0.29109737,0.04206741,-1954.0,-8787,-1469,0.19804,4.4431335941533145,-2169,22279.5
318,0.4060201964392294,0.2010759054655589,0.53527623,0.6198836,-797.0,-20609,-3870,0.2163666666666666,16.031722325569575,-6948,29209.5
319,0.5554642372752359,0.4166232758856298,0.36896873,0.46074307,-3770.0,-13988,-5674,0.2213142857142857,0.9323649047997762,-1582,34857.0
320,0.6476192181447313,0.4178057982236239,0.13765447,0.41182834,-9049.0,-19946,-3461,0.1465416666666666,1.8332418263201644,-10317,31653.0
321,0.4323478453738502,0.576318186472905,0.47764915,0.4332689,-2855.0,-18520,-2065,0.2228,0.3465869279241973,-493,40104.0
322,0.641344271001418,0.2844188830264294,0.5208976,0.29603875,-9357.0,-9357,-1608,0.239,5.937745488451829,-1533,26887.5
323,0.5494490843993014,0.2534570523399845,0.47944897,0.24680193,-6936.0,-21135,-958,0.0919666666666666,7.9578463776431185,365243,12415.5
324,0.5617439897978747,0.2987553987823218,0.61782616,0.23216486,-1447.0,-10405,-1355,0.111925,11.301244761190542,-3653,20146.5
325,0.2542841463190801,0.4560080687702382,0.5884878,0.74965966,-752.0,-21472,-4986,0.1683673469387755,2.765396331652248,-2751,37125.0
326,0.2017411739604989,0.4534958785152859,0.6075573,0.72065336,-10150.0,-21511,-4631,0.13675,6.906318986311288,365243,12307.5
327,0.5148741110624964,0.4739995063252312,0.2525987,0.5709985,-8851.0,-14841,-2658,0.12374,4.297995429044188,-2169,27841.5
328,0.22241357476425044,0.658862538717345,0.6127042,0.72731274,-904.0,-11153,-2972,0.1691428571428571,7.962014379761895,-213,26640.0
329,0.5310122249339894,0.321501084616695,0.53527623,0.47777176,-2141.0,-12391,-3416,0.24288,4.342548674651092,-484,27324.0
330,0.32406893483331867,0.6377840935779753,0.5495965,0.5770086,-1288.0,-12566,-2658,0.2037555555555555,2.806482808731348,-1310,41260.5
331,0.7870111273275475,0.2241281906326009,0.40835884,0.115176156,-3230.0,-9171,-1793,0.0892,0.1200660220049387,-216,12042.0
332,0.19392139939362732,0.4976196206780227,0.7295667,0.72064453,-6600.0,-13011,-3912,0.19332,15.432227422724145,-416,21748.5
333,0.3495696126162745,0.433097214108484,0.6545293,0.605396,-3493.0,-13489,-4648,0.2446333333333333,1.8302979515786968,-459,33025.5
334,0.4468100676345818,0.4038324387796597,0.48485148,0.7043607,-3331.0,-18700,-2242,0.40815,1.5529715214878117,-3210,36733.5
335,0.5669827850068694,0.296674361442754,0.25533178,0.6299143,-1896.0,-10690,-3334,0.04,10.620975977978109,-2397,9000.0
336,0.24380029264060543,0.4323390128098549,0.5902333,0.67474574,-5247.0,-16262,-4308,0.08936,18.03975075907492,-5637,10053.0
337,0.487467482081364,0.2816034085943975,0.60927564,0.18882157,-5889.0,-21697,-4019,0.15622,3.000256677997415,365243,35149.5
338,0.29409007540575055,0.3986123209368941,0.5797274,0.58248556,-9638.0,-22062,-5087,0.1845666666666666,2.1390440360010032,365243,24916.5
339,0.6531297577849814,0.3744092686452666,0.31236538,0.34494215,-3060.0,-8227,-862,0.075,10.620975977978109,-130,13500.0
340,0.6673826088959403,0.212984649370254,0.33285058,0.28548285,-1756.0,-11027,-3351,0.0718,17.76451485509225,-1187,14539.5
341,0.4872870053965301,0.3475790149772226,0.4758499,0.5409771,-6236.0,-13565,-4648,0.13108,2.2179541803807767,-1251,14746.5
342,0.313571690432295,0.4467041243470653,0.63637614,0.6675838,-2536.0,-9959,-2536,0.15,10.620975977978109,-1437,13500.0
343,0.30243635484744646,0.4937165670811805,0.84543794,0.2717285,-5711.0,-16283,-4141,0.0541554410120548,1.8135854052051537,-716,15214.5
344,0.3903141790669679,0.3169870582727987,0.6496203,0.252921,-5283.0,-21930,-4286,0.1063809523809523,18.03975075907492,-3143,10053.0
345,0.4059605560333399,0.3520710544722237,0.53527623,0.5249921,-4250.0,-16008,-4242,0.1697555555555555,0.9348829017177928,365243,34375.5
346,0.6066623195208222,0.2466219991137815,0.56737924,0.1276923,-408.0,-23644,-3351,0.2314857142857143,6.552632321350638,-522,36459.0
347,0.7989519383772601,0.0465049395384565,0.53527623,0.143367,-430.0,-12372,-273,0.2378571428571428,3.15638580360984,-2045,29970.0
348,0.3893222792588747,0.389632886112493,0.45789954,0.69063604,-8161.0,-14402,-4023,0.091375,1.5597220007393495,-1745,32895.0
349,0.2746062543173587,0.4129820278458415,0.7136314,0.47748804,-9709.0,-22159,-4765,0.175695652173913,0.6832735595367234,365243,18184.5
350,0.3145052397535459,0.5683057698620381,0.6127042,0.64520323,-6215.0,-12363,-4080,0.33224,2.986213072680699,-836,37377.0
351,0.4916332380294599,0.2291166742167364,0.53527623,0.70632863,-6864.0,-8625,-1315,0.10776,1.9221929010054373,-1145,24246.0
352,0.6305837769589717,0.3659177484070982,0.22258076,0.57727545,-6012.0,-10238,-422,0.157,6.667880224972,-292,28260.0
353,0.6064146323542119,0.2595766858398903,0.5226973,0.2174478,-1486.0,-21905,-5245,0.3927692307692307,3.1058245681402807,365243,22977.0
354,0.1717226026508542,0.4953633071040286,0.735221,0.7073844,-6216.0,-23282,-4940,0.1519125,2.860018614433524,-1979,54688.5
355,0.37794018738660656,0.439488775469728,0.52809274,0.7660712,-5592.0,-16534,-84,0.25205,1.2339984858082742,-4014,22684.5
356,0.3115359986409265,0.2207529635600734,0.53527623,0.6805447,-3232.0,-23586,-4878,0.03606875,4.574133274001335,365243,25969.5
357,0.3860161514670174,0.3508944570423242,0.48485148,0.5411617,-17596.0,-24094,-4125,0.0759,1.8085691636156032,-7326,13662.0
358,0.5170118972760013,0.4349786285817932,0.48665315,0.3060319,-3369.0,-15779,-4229,0.15044,5.513456388583293,-293,16924.5
359,0.15070370353633294,0.506216701031536,0.7463002,0.7284908,-9099.0,-19077,-2628,0.1941333333333333,19.80129166743476,-3089,26208.0
360,0.26831871157424336,0.5630826107187323,0.7435593,0.29869333,-2518.0,-14637,-4977,0.2113,18.936503113190085,-245,28525.5
361,0.20128699600310104,0.6174994251750232,0.70769936,0.6841138,-6457.0,-16110,-4311,0.1744,3.2988185230846234,-367,15696.0
362,0.6173330600744292,0.2597630075729495,0.5424451,0.19600429,-6050.0,-13659,-4403,0.14058,4.246628301895528,-522,31630.5
363,0.20754401425439795,0.4524019839229011,0.59197664,0.7346528,-7020.0,-23721,-4339,0.2851,5.27077595625145,365243,64147.5
364,0.2918391100462749,0.4605517502195974,0.69255906,0.6476323,-1160.0,-12099,-1180,0.0746705882352941,4.250940026924988,-4613,28561.5
365,0.385168313889882,0.601660458421583,0.45610973,0.56019425,-1847.0,-16624,-168,0.2305,0.7868633858392649,-3848,72607.5
366,0.31593906723082443,0.5701983287215552,0.5602843,0.66939145,-5726.0,-15205,-4291,0.26245,0.9277028205842752,-3171,23620.5
367,0.4785638204379599,0.3535445867210373,0.42765737,0.61310047,-5948.0,-12362,-3765,0.1151714285714285,4.220228662046921,-4076,18139.5
368,0.3160351159765255,0.6131144481857835,0.6986675,0.518144,-226.0,-15685,-4530,0.3479333333333333,0.1908408860046284,-1263,23485.5
369,0.5245581215889478,0.3263463313709182,0.832785,0.07755368,-1132.0,-17241,-723,0.1961,2.717737329122727,-1235,26473.5
370,0.5098666848483041,0.3272666224094265,0.30314636,0.67091405,-8965.0,-20837,-4108,0.21412,1.9249556558857737,-1840,24088.5
371,0.48457701572502787,0.3398769895888058,0.41534716,0.58469087,-3880.0,-17470,-1003,0.0904,6.6680277189273385,-2904,12204.0
372,0.3866061613895307,0.517123767221702,0.5226973,0.5290911,-6615.0,-12565,-4008,0.1750181818181818,1.917819064761584,-4986,43317.0
373,0.6036084082726332,0.3284919943103691,0.44539624,0.4151747,-4542.0,-12495,-328,0.1805714285714285,4.691426332606885,-2214,28440.0
374,0.4994329907706432,0.3710401863095651,0.5602843,0.32617486,-1534.0,-13931,-4679,0.12081,0.9488954631662329,-6336,54364.5
375,0.17937954294284597,0.6966116735853133,0.6910212,0.74757326,-10435.0,-17857,-1392,0.2716857142857143,1.9168748142531555,-2959,42790.5
376,0.25347911336970425,0.576847605528654,0.6430256,0.7472058,-405.0,-10508,-3163,0.16978,2.2007756120440813,-1354,38200.5
377,0.6515350311876282,0.1001728114151104,0.53527623,0.30881613,-1773.0,-17739,-1081,0.0666571428571428,5.720807014556284,-2428,10498.5
378,0.6318512068938652,0.2696423979469076,0.4740513,0.30271682,-1807.0,-15715,-1800,0.1101851851851851,3.738130879820867,-932,13387.5
379,0.2680635793406099,0.4386983680206369,0.7490217,0.51730865,-10418.0,-17181,-710,0.15,10.620975977978109,-8494,33750.0
380,0.7798007995977494,0.2439465708742301,0.13177013,0.3446013,-786.0,-12337,-2759,0.0288492063492063,2.4256444821580514,-3858,16357.5
381,0.5308590626956919,0.337112701977135,0.44717857,0.54067844,-1947.0,-13768,-1957,0.089,0.1200660220049387,-3124,26032.5
382,0.2598880279910228,0.6738985211738817,0.47045612,0.7493764,-6739.0,-14943,-1179,0.1152142857142857,2.3522351798308527,-7406,36292.5
383,0.585928932154272,0.41038697527421,0.4650692,0.3655891,-722.0,-15936,-637,0.22365,2.8351517859499964,-3890,20128.5
384,0.4373085081839793,0.5451325351224668,0.36394525,0.5405861,-1877.0,-13059,-5515,0.1697,1.856838223670109,-4466,53455.5
385,0.41696553229965877,0.4443184677614272,0.4188543,0.5671214,-3111.0,-20731,-4277,0.1166136363636363,1.88126997763014,-12917,23089.5
386,0.24945482422124649,0.6697920070908198,0.4614824,0.7967772,-2509.0,-15038,-4976,0.25935,3.611293526462189,-533,46683.0
387,0.5332451488929125,0.4458992632666403,0.30010775,0.5993307,-2366.0,-17289,-840,0.1932666666666666,3.011200811456427,-1577,26091.0
388,0.1483214556268287,0.5224966660315065,0.80274546,0.7157453,-13759.0,-21142,-4330,0.3158666666666667,2.956145397046872,365243,42642.0
389,0.3601499588831311,0.3878888232739947,0.45969045,0.6832626,-3013.0,-20371,-3869,0.090525,5.31034209624297,-540,16294.5
390,0.7299918094090091,0.2282678840628452,0.3217353,0.34499156,-5440.0,-10644,-2888,0.1525666666666666,2.8229305639809743,-469,20596.5
391,0.685380270980476,0.2339529029200728,0.1276988,0.5788595,-7897.0,-14106,-4413,0.1125333333333333,2.932784288566737,-3764,30384.0
392,0.29403833523832446,0.5450915353293295,0.6754133,0.50272983,-3783.0,-14339,-4599,0.1424166666666666,1.953968866324396,-6892,38452.5
393,0.25874976950619427,0.5508785158159935,0.5495965,0.6680835,-7076.0,-14119,-4378,0.1,10.620975977978109,-2401,9000.0
394,0.1522847936211008,0.48026770859323,0.8510087,0.5317491,-1473.0,-23265,-4709,0.14,10.620975977978109,365243,15750.0
395,0.2646313697515834,0.46470265078653,0.75971216,0.58555615,-44.0,-13291,-3907,0.11675,4.302637018717981,-248,31522.5
396,0.22704649384471096,0.6325559714187463,0.6144144,0.7341239,-9462.0,-15409,-3899,0.2322666666666666,1.8424271783653576,-7518,31356.0
397,0.7471118537637522,0.0535814092204361,0.53527623,0.16518258,-2685.0,-14202,-214,0.1666666666666666,10.620975977978109,-502,9000.0
398,0.8834580868009128,0.1255958740749354,0.11175637,0.0054692947,-3470.0,-13203,-3988,0.07244,2.5248311151313096,-3230,32598.0
399,0.3990577244064998,0.4081741302613211,0.50468135,0.695636,-3293.0,-14516,-2370,0.2304444444444444,2.557177823726109,-2007,46665.0
400,0.5739727452576678,0.3037789403816242,0.4188543,0.46949628,-3715.0,-13055,-3373,0.2192592592592592,7.962014379761895,-2574,26640.0
401,0.3320693695009251,0.5285943488377896,0.52449644,0.658674,-2638.0,-13868,-5396,0.1487333333333333,2.6366193776769187,-3008,10039.5
402,0.27360988431913313,0.5464810139755111,0.79813725,0.41419277,-7620.0,-13546,-4329,0.20482,2.7691108986026114,-47,46084.5
403,0.766551218958913,0.1407958512374988,0.3392877,0.055759683,-4395.0,-13782,-4395,0.2285333333333333,18.86994327581053,-455,30852.0
404,0.8738036403715757,0.0856723539316189,0.15474363,0.0022719458,-1685.0,-13120,-4340,0.152078947368421,11.30819409313295,-1148,26005.5
405,0.4850214267400246,0.363638001810242,0.6430256,0.4040909,-1792.0,-10698,-2860,0.16185,4.251229139800605,-269,14566.5
406,0.47425260639522665,0.3491915730048335,0.367291,0.66698664,-2941.0,-15988,-4986,0.1113833333333333,0.367856561257196,-990,30073.5
407,0.20929930334777644,0.4627382761082559,0.66585493,0.6841469,-1499.0,-12972,-4075,0.07864,19.691649916928377,-3336,17694.0
408,0.33924817751468345,0.3718585258980239,0.6528965,0.4184278,-2.0,-21470,-4556,0.0974666666666666,1.5597220007393495,365243,19737.0
409,0.4884057114277765,0.3563700702874954,0.3457848,0.7130952,-2682.0,-17655,-1203,0.1462,1.5597220007393495,-3129,32895.0
410,0.11908739197417152,0.739627527264914,0.7366227,0.73475087,-1360.0,-21524,-4950,0.22245,1.3165092391182798,365243,20020.5
411,0.5477523357013935,0.3262825159606143,0.3740208,0.5888584,-6014.0,-13315,-4174,0.1495555555555555,1.4303680980906508,-5204,18171.0
412,0.15548080436638648,0.7411486187657932,0.7106744,0.72039354,-6922.0,-12841,-4489,0.136,2.3491507247920707,-642,30600.0
413,0.42777057819715536,0.6053033372831514,0.3944954,0.61052454,-2113.0,-18606,-2146,0.37495,2.3454601274720543,-5204,33745.5
414,0.19066201055569199,0.4441665212648478,0.6380435,0.65790176,-9773.0,-22002,-3809,0.075,10.620975977978109,365243,10125.0
415,0.8613293868859493,0.0842600491805181,0.10211879,0.14590187,-10694.0,-19864,-3406,0.1330666666666666,2.7786277482288124,-1349,8982.0
416,0.2798958792099696,0.4716255465129296,0.68326885,0.69212914,-3479.0,-19268,-2761,0.2557333333333333,0.3822308445287969,-1413,34524.0
417,0.34615100614667027,0.2327646392672379,0.53527623,0.7175747,-12259.0,-22296,-4825,0.2397666666666666,1.5593427177521546,365243,32368.5
418,0.21667496344708895,0.6091499076376155,0.45253357,0.6674479,-3631.0,-20263,-3772,0.1,10.620975977978109,365243,18000.0
419,0.7279668970511673,0.0077583251204137,0.53527623,0.023917627,-9301.0,-21494,-4527,0.23544,4.568687765915969,365243,26487.0
420,0.7216373007651321,0.1624178292166961,0.42061096,0.03174487,-2562.0,-21721,-3902,0.25456,6.673185288403238,365243,28638.0
421,0.6405408199914984,0.2585130132282739,0.34905526,0.40777174,-3703.0,-15170,-4760,0.1543777777777777,2.5401224748646367,-5585,31261.5
422,0.2054996302056046,0.4776517888454797,0.61782616,0.7836727,-940.0,-17752,-1304,0.0789333333333333,17.60959941860505,-1041,5328.0
423,0.232388517778391,0.4864512065365164,0.6430256,0.7827036,-1673.0,-19414,-2934,0.1675111111111111,3.125671997962054,-1025,33921.0
424,0.28452247460462937,0.592700748765894,0.44539624,0.58810115,-959.0,-23640,-5051,0.23,2.491022669693832,365243,31050.0
425,0.27512334836524177,0.4430292093487706,0.5549468,0.7470447,-1182.0,-22208,-4558,0.26575,1.7969831186940066,365243,14350.5
426,0.426978603916427,0.4504434008380784,0.50287825,0.3357666,-190.0,-20147,-3543,0.0978260869565217,10.620975977978109,-781,20250.0
427,0.2857964922789845,0.4156714672764457,0.5100895,0.7127192,-13009.0,-21654,-4054,0.21132,1.930591673496496,365243,23773.5
428,0.4049910200690148,0.4987209255276459,0.5495965,0.5244631,-2358.0,-14978,-2418,0.1624324324324324,2.694971757002995,-1844,13522.5
429,0.43351056090333023,0.4118083891841952,0.4632753,0.7530057,-4077.0,-19055,-1496,0.3985714285714286,1.548217914065253,-125,37665.0
430,0.633148061517211,0.2746970273977349,0.52449644,0.26205534,-1565.0,-18025,-58,0.19276,4.476921886884999,-1949,21685.5
431,0.43068250252741014,0.4525578785911256,0.45253357,0.6579263,-4820.0,-11331,-3370,0.2057586206896551,3.708011342658857,-1808,26851.5
432,0.3270488222904425,0.5090690837120562,0.5620605,0.5943214,-7095.0,-14374,-4468,0.221275,5.294893797951139,-930,39829.5
433,0.4321723410115539,0.3231642497157679,0.5190973,0.41749153,-11312.0,-22278,-4456,0.2246571428571428,1.1174012037416192,365243,35383.5
434,0.5466906840428503,0.4387077285178861,0.16048893,0.6243253,-2246.0,-19084,-2612,0.17765,8.915146910373895,-128,15988.5
435,0.46752686433149465,0.4678828141217885,0.50468135,0.43143344,-6021.0,-11966,-3915,0.217,3.017958394635123,-3125,48825.0
436,0.5229990536082895,0.3285613148549045,0.35895124,0.61268544,-4631.0,-14211,-4648,0.1329777777777777,1.891651850923748,-626,26928.0
437,0.3019659931431617,0.4245660392927016,0.68326885,0.5470525,-3612.0,-20532,-4089,0.1236904761904761,2.156352996185573,-11304,23377.5
438,0.30598493182654907,0.3716294194863468,0.50468135,0.58297473,-355.0,-22812,-5214,0.1166666666666666,10.620975977978109,365243,7875.0
439,0.36348338304146877,0.2200887240566279,0.53527623,0.67849696,-6975.0,-22663,-4543,0.0464285714285714,6.646430752108534,-4554,7312.5
440,0.3626850162727778,0.4813682281933287,0.50468135,0.65062565,-3668.0,-12225,-4338,0.26662,5.528320408165843,-2117,59989.5
441,0.5888144354665422,0.3167260725309387,0.3376727,0.59992397,-6430.0,-12762,-4618,0.2552777777777777,2.4240672998245616,-5891,20677.5
442,0.2659437398554511,0.4566437508870073,0.73098737,0.59273875,-5079.0,-14221,-5155,0.2307692307692307,10.620975977978109,-1895,13500.0
443,0.5929092885208431,0.2435073957521346,0.35233998,0.3578496,-4906.0,-21340,-623,0.1210666666666666,4.774329808842337,365243,32688.0
444,0.5084789375424283,0.3647413427700178,0.40314168,0.6749521,-400.0,-9567,-2224,0.10848,3.695382939349656,-1568,12204.0
445,0.6039957845124633,0.2848553491523158,0.52629495,0.2913665,-7664.0,-16963,-511,0.2263333333333333,4.132231334967984,-1314,39721.5
446,0.20328138248911623,0.5571622429298666,0.6817059,0.55184335,-10943.0,-21779,-4788,0.2078571428571428,2.456186956440587,365243,32737.5
447,0.7671326392664698,0.1912946713962506,0.17352743,0.3962544,-454.0,-12852,-3394,0.1330444444444444,4.686670505383139,-753,26941.5
448,0.5930354045229048,0.3741250443100254,0.4632753,0.3178254,-400.0,-15368,-4430,0.2104,2.0262652400656167,-3094,23670.0
449,0.5730876911023745,0.3749591613144351,0.30010775,0.5503556,-6459.0,-14366,-4411,0.2461666666666666,3.712106667067427,-3379,33232.5
450,0.7473390755679437,0.230540783590368,0.14644207,0.5474426,-1029.0,-8711,-1400,0.148,7.170774278057368,-717,16650.0
451,0.3176900383240879,0.5561135886353433,0.57091653,0.26118514,-4030.0,-23003,-4860,0.1435333333333333,6.661032642917997,365243,29065.5
452,0.6959720298683949,0.2714016566787827,0.045052115,0.6539289,-2131.0,-10259,-2137,0.3207567567567567,17.30119134365353,-989,53406.0
453,0.321200023244521,0.5469996398956316,0.48124933,0.71011084,-1173.0,-13188,-3997,0.0892133333333333,1.1920383011848612,-1927,30109.5
454,0.4989887653916704,0.4554319499187088,0.57620883,0.19292139,-9073.0,-16062,-5023,0.2275777777777777,2.7691108986026114,-1392,46084.5
455,0.8731621102741537,0.1109554673635734,0.15663983,0.1674109,-5278.0,-11165,-3512,0.3234,5.238971943615178,-934,43659.0
456,0.36273912519361334,0.3363173030922524,0.7449322,0.20624445,-7196.0,-14297,-4775,0.090758064516129,19.866106837814645,-5116,25321.5
457,0.3360986881519157,0.6162337696535021,0.35729328,0.71673197,-6353.0,-20480,-4021,0.5059333333333333,0.7963583738874069,365243,68301.0
458,0.7365924716719681,0.2053414677864533,0.032977276,0.59626544,-6167.0,-14289,-4598,0.1185833333333333,2.53860268729722,-1763,32017.5
459,0.5895128938797947,0.3258507501491196,0.34090644,0.62444836,-2697.0,-14651,-466,0.23288,3.1678965401418013,-2873,26199.0
460,0.2718177697409768,0.596676933895202,0.6577838,0.4483659,-8193.0,-14038,-4810,0.0838648648648648,6.793866415419325,-1731,13963.5
461,0.391501840537522,0.5271501854978016,0.48485148,0.54392964,-6003.0,-15406,-3991,0.1360384615384615,1.5408003086077482,-584,15916.5
462,0.4880019446587799,0.4169287801329762,0.45074728,0.5171448,-4519.0,-10011,-2671,0.1541489361702127,6.604453996372839,-2599,32602.5
463,0.4398088786223073,0.3625859838048274,0.51369375,0.5450469,-5595.0,-16524,-61,0.0906,6.150963043854096,-1662,24462.0
464,0.2996992508562421,0.4502036632023412,0.7281413,0.57605827,-9249.0,-11285,-3432,0.100695652173913,3.634030907046082,-2947,10422.0
465,0.6905432466857886,0.0860430260725387,0.53527623,0.26525635,-3086.0,-19919,-3121,0.161,1.5084641275079802,-3622,7245.0
466,0.7025156254252799,0.2508752592216803,0.2940831,0.4455173,-9142.0,-9142,-1762,0.1181777777777777,1.9277550027686048,-313,23931.0
467,0.566180696545185,0.297189044134483,0.42413032,0.4432982,-5200.0,-16339,-4562,0.1534358974358974,1.891651850923748,-4129,26928.0
468,0.7146619976144898,0.2513040839878121,0.45074728,0.27216578,-503.0,-17284,-496,0.336076923076923,4.6012822456166,-449,19660.5
469,0.6556053064703031,0.2524490180528211,0.25123945,0.49813768,-4938.0,-17387,-877,0.1003653846153846,4.469815580879399,-405,23485.5
470,0.3051221514088952,0.5362586769034242,0.63637614,0.604748,-6911.0,-12783,-3159,0.191475,2.4343221817980654,-96,34465.5
471,0.6869032334354624,0.2078951019403194,0.4758499,0.11035481,-2611.0,-20967,-4287,0.336,1.7926354583625903,365243,37800.0
472,0.5840217235045699,0.0717703008159212,0.53527623,0.22125591,-13932.0,-24145,-4779,0.2078,8.75349584564178,365243,9351.0
473,0.5378945498581703,0.3106371570842878,0.73801965,0.13478401,-4872.0,-11135,-3058,0.1701851851851852,8.125574441059458,-3304,20677.5
474,0.449223947604404,0.5413219948109916,0.2091547,0.7680366,-7261.0,-16491,-36,0.1885681818181818,4.45752205823815,-4906,37336.5
475,0.26429904562087636,0.4324071721608856,0.5797274,0.68666947,-3927.0,-21771,-4974,0.2957,0.2672800730349811,365243,66532.5
476,0.4922316743161237,0.3185833600969889,0.58674,0.32795084,-203.0,-18707,-2218,0.17,10.620975977978109,-200,19125.0
477,0.21940814624798602,0.6523178910911145,0.66585493,0.6643343,-2382.0,-16387,-4199,0.20212,2.7837303471027752,-5023,22738.5
478,0.7622474957694618,0.2597835656473102,0.07596568,0.16986968,-5007.0,-22199,-4523,0.0876363636363636,2.0570353975046807,365243,21690.0
479,0.27386727987647586,0.5900842113736795,0.66102356,0.7331881,-3102.0,-11880,-2453,0.3552666666666667,2.426065291379276,-3729,47961.0
480,0.348390510805483,0.5498959808061319,0.5531647,0.6099732,-10658.0,-10658,-2503,0.1445555555555555,2.34461711785523,-1289,17563.5
481,0.7386004831358561,0.227278254867242,0.10479462,0.5838198,-2150.0,-11244,-3767,0.2425,9.254805804641064,-3058,13095.0
482,0.45113510673694845,0.4554821716537361,0.4650692,0.5686346,-5465.0,-11057,-3388,0.135023923444976,3.5954086203865643,-359,12699.0
483,0.4379059824925637,0.2010073646317235,0.53527623,0.6196723,-8865.0,-22194,-1964,0.1134857142857142,4.755225234224025,-1309,17874.0
484,0.47854327638248806,0.3502422146224234,0.36896873,0.668355,-7693.0,-14826,-4286,0.168,1.7926354583625903,-1898,37800.0
485,0.2698334651403079,0.5876309361221593,0.5814837,0.6956823,-2413.0,-13540,-4038,0.21536,2.762716030388868,-2353,48456.0
486,0.26372987307413115,0.630169071791775,0.5585066,0.65358233,-2260.0,-16672,-216,0.1471914893617021,7.394295107928506,-3701,31131.0
487,0.3588103281232251,0.5436416394001298,0.48665315,0.49984333,-1.0,-21381,-4908,0.34012,1.959904499710663,365243,38263.5
488,0.1951962405645123,0.4759988798891023,0.68326885,0.7056114,-12188.0,-20905,-2534,0.1638333333333333,1.8065110861085865,365243,35388.0
489,0.15742480594010763,0.6847444559593265,0.7394118,0.66636467,-10245.0,-18207,-1698,0.0570153846153846,3.126688230945973,-1134,16677.0
490,0.6333570973859037,0.2551524071760998,0.367291,0.37707952,-7356.0,-16705,-250,0.1375,10.620975977978109,-1357,12375.0
491,0.8625785286326136,0.0976940408872951,0.1110424,0.17736721,-8323.0,-14826,-4885,0.1859714285714285,1.860078908874763,-1185,29290.5
492,0.17796612171379853,0.6866111627880684,0.6430256,0.61273736,-4792.0,-21684,-4845,0.1154444444444444,4.980631962377857,-1293,23377.5
493,0.7312729600313401,0.1690891171126894,0.44361532,0.026662515,-5071.0,-19424,-2910,0.312516129032258,6.152084230883426,365243,43596.0
494,0.8884307189820213,0.0931993759029172,0.2032521,0.060701236,-1394.0,-11426,-1403,0.19185,5.258921591618671,-2941,17266.5
495,0.33771976833548206,0.4197210936920134,0.6594055,0.5587229,-10604.0,-19148,-2687,0.2755333333333333,3.603001346593437,-699,37197.0
496,0.44633678320507036,0.3763263027413489,0.4830502,0.6215722,-8728.0,-16344,-614,0.3105666666666666,7.99513954455684,-126,41926.5
497,0.5616848021757697,0.2641310796371027,0.58499,0.16203468,-3029.0,-19417,-2946,0.11,10.620975977978109,-2221,12375.0
498,0.5256764196798659,0.4907252817892489,0.37571102,0.328679,-2255.0,-20614,-4067,0.2196,4.486793850705984,-1435,34587.0
499,0.3975380752939851,0.5619079637612268,0.33445412,0.6554564,-6813.0,-12834,-4058,0.1346285714285714,5.441049589128544,-1101,21204.0
500,0.34942343339221915,0.3460223516903927,0.5954562,0.40282252,-9159.0,-23279,-4189,0.1540571428571428,7.94527935128273,365243,12132.0
501,0.2846872468594353,0.5771779827184583,0.4258929,0.5417644,-14244.0,-23158,-4153,0.17485,12.330360577349088,-1899,31473.0
502,0.5439344402345823,0.4156448692143001,0.51549536,0.28589788,-5595.0,-13962,-4272,0.1677878787878788,2.1390440360010032,-5115,24916.5
503,0.557303523663085,0.3188310294804729,0.5388627,0.3820954,-7712.0,-18523,-1652,0.4189333333333333,5.484224578873032,-297,56556.0
504,0.2915589691156037,0.4356448784703004,0.70769936,0.5539678,-85.0,-19127,-2442,0.0561904761904761,4.033985938381379,-602,10620.0
505,0.6277037440189098,0.2069757192319208,0.30010775,0.3034651,-12534.0,-23023,-4494,0.14704,3.5421482136394733,365243,16542.0
506,0.6282164129714259,0.4099643877654265,0.5971924,0.25337163,-4752.0,-11146,-695,0.3981,3.463571668204879,-2910,17914.5
507,0.3315214842309922,0.3706009129723749,0.53527623,0.5456921,-2378.0,-22326,-4116,0.1875,10.620975977978109,365243,6750.0
508,0.6995852809742319,0.3046589303953496,0.20559815,0.49697325,-4174.0,-11373,-772,0.1051111111111111,3.1464829729480392,-196,21285.0
509,0.26220756528848543,0.6027042637207789,0.59197664,0.57145375,-6020.0,-19536,-2041,0.1825,1.8235001699941968,365243,8212.5
510,0.7128684279120571,0.2681845051238696,0.2091547,0.25757667,-898.0,-14943,-4358,0.0261194029850746,10.620975977978109,-7302,7875.0
511,0.43216478492107085,0.3810478737799256,0.69409263,0.4008252,-4794.0,-10438,-3019,0.1544,5.6187976884243485,-1550,17370.0
512,0.31247293031347995,0.3588836771531933,0.50287825,0.5456921,-12316.0,-20740,-3990,0.06,10.620975977978109,365243,6750.0
513,0.4906157172672964,0.3287274158846299,0.5478105,0.40262792,-2274.0,-13934,-4536,0.2626666666666666,5.13044964836491,365243,19503.0
514,0.3467854006468958,0.3726741196827909,0.41359675,0.6877506,-3788.0,-19564,-3074,0.27685,7.942204957321297,365243,74749.5
515,0.49277965359143655,0.3082735670728532,0.6144144,0.26531175,-862.0,-22902,-4145,0.31592,1.809969769396824,365243,35541.0
516,0.5920808934070034,0.415460965809662,0.4974689,0.007006274,-1965.0,-20555,-4064,0.17821875,1.898862940649959,365243,25663.5
517,0.5578353062426191,0.501914711769968,0.13342926,0.6780436,-2169.0,-17243,-769,0.2187777777777777,3.0449571214181903,-1567,44302.5
518,0.3625962969654392,0.3969169824517924,0.4650692,0.70509785,-935.0,-22151,-4168,0.1603142857142857,2.581800983744942,-6648,25249.5
519,0.664257979020057,0.3540368490818087,0.119877964,0.59996593,-952.0,-11574,-3912,0.04792,1.2401137322411326,-3168,10782.0
520,0.42524828188163877,0.4418837175726263,0.41709965,0.68543077,-10480.0,-10656,-3005,0.197525,4.714320577625042,-926,35554.5
521,0.7576392498411313,0.3693387818999897,0.19070596,0.3261941,-389.0,-11568,-1012,0.2114444444444444,2.884927222912448,-662,34254.0
522,0.4095701388374419,0.5286618265685132,0.47045612,0.6044814,-4322.0,-13183,-2209,0.1652156862745098,2.0050891586311126,-2957,18958.5
523,0.2279930671838118,0.6610113570667865,0.48845518,0.7060655,-4518.0,-20903,-4250,0.1396285714285714,1.915085271571337,-1894,43983.0
524,0.4417267842313764,0.4661450182431219,0.28665248,0.77041614,-4980.0,-13937,-4995,0.1971333333333333,2.418578838757579,-3001,26613.0
525,0.46757228308878557,0.2840496919823252,0.2213352,0.6288992,-13999.0,-22939,-3960,0.09622,6.158882550699585,365243,21649.5
526,0.3303154735777337,0.5757061576715399,0.37064964,0.5954176,-9016.0,-14897,-746,0.1864705882352941,17.9529054994916,-3435,57060.0
527,0.8565807880380463,0.1042834501087751,0.14287253,0.1621921,-8045.0,-13891,-4152,0.1169666666666666,2.157526213274385,-113,15790.5
528,0.3028670515197686,0.449022163425098,0.69255906,0.6120885,-6349.0,-17042,-581,0.1854791666666666,3.076612026921444,-240,40063.5
529,0.47780252172208343,0.3892010899334561,0.34741822,0.6821162,-5248.0,-11533,-3536,0.1855333333333333,7.986661245484239,-277,25047.0
530,0.516430933956124,0.3078052042725796,0.3217353,0.5901919,-1558.0,-20771,-1831,0.2178545454545454,0.2990095810042836,365243,53919.0
531,0.1882711674913474,0.6418322730348001,0.51369375,0.73231024,-4396.0,-21747,-4404,0.1662272727272727,5.310182866446178,365243,16456.5
532,0.35859404633513886,0.2773421184352111,0.53527623,0.85499966,-93.0,-16268,-4335,0.2639555555555555,3.745318603056957,-113,53451.0
533,0.47072847898291964,0.3589930974605931,0.30314636,0.7687215,-9626.0,-19673,-3226,0.2436666666666666,1.5597220007393495,-5094,32895.0
534,0.4148266059560614,0.4591739452808642,0.42236966,0.678745,-5987.0,-11653,-4324,0.1978,2.817237696165109,-1110,40054.5
535,0.3170142381734837,0.2324365320574675,0.53527623,0.7165632,-12043.0,-19027,-2523,0.2799425287356322,14.992658932298951,-7145,109597.5
536,0.5074135348535788,0.3381987883826081,0.32016337,0.6856429,-2667.0,-14941,-4474,0.1798428571428571,0.51789434242,-837,56650.5
537,0.5131557498597867,0.4105498403778364,0.34090644,0.665153,-10085.0,-10096,-1216,0.032975,0.1501413900813153,-1218,5935.5
538,0.2328099001006086,0.5257853587200403,0.6817059,0.64923257,-2911.0,-11564,-4072,0.0666666666666666,10.620975977978109,-465,9000.0
539,0.20084240675205625,0.6106281506309489,0.6594055,0.6681514,-1102.0,-13716,-6092,0.1333333333333333,10.620975977978109,-463,9000.0
540,0.6673775297455448,0.2531793829690959,0.44005784,0.28986526,-610.0,-11084,-3507,0.22396,6.086763195458733,-1266,50391.0
541,0.38965428761086623,0.4209328816341194,0.5814837,0.6103113,-7028.0,-13045,-4326,0.2694,2.615180284766372,-560,36369.0
542,0.39753068797143,0.4018254041251388,0.5495965,0.62598556,-2486.0,-18167,-1716,0.1944,1.841953513217276,-1322,30618.0
543,0.5147415401394475,0.3106028558661504,0.4632753,0.44100586,-11232.0,-17169,-708,0.1375,10.620975977978109,-6558,12375.0
544,0.3856123400730042,0.538823394590069,0.59197664,0.20739956,-3284.0,-22540,-4751,0.21128,2.0412361833087145,365243,23769.0
545,0.6940539406805366,0.1728574843887689,0.12373532,0.39493158,-9883.0,-21112,-3936,0.0950555555555555,5.373077905188306,365243,15399.0
546,0.1887094926991204,0.7040864289040467,0.74079907,0.6995203,-9789.0,-16285,-1205,0.32364,2.994475723647993,-572,36409.5
547,0.22913722962473554,0.6377052635066751,0.6212263,0.6784206,-3079.0,-13044,-4137,0.1273666666666666,5.445652718752236,-2621,17194.5
548,0.4880302276163518,0.3226501126937465,0.27644068,0.68645775,-3522.0,-23654,-3819,0.2984782608695652,1.551914641886376,365243,30892.5
549,0.49781516525720515,0.3053482843767416,0.45789954,0.43080062,-6106.0,-22541,-4587,0.2968333333333333,2.64339607546078,365243,24043.5
550,0.17553375687354994,0.6628886035715289,0.8463781,0.52008736,-9856.0,-17489,-941,0.41535,3.277209566794581,365243,74763.0
551,0.33448759632235336,0.3767332534789307,0.7623356,0.3114361,-1129.0,-21402,-4478,0.19614,0.7215463365638275,365243,44131.5
552,0.25931160241792406,0.4754635593036079,0.6528965,0.7378249,-2901.0,-13702,-4299,0.1578363636363636,2.599757003028436,-797,39064.5
553,0.32966387770272626,0.5106388557450972,0.52629495,0.5796696,-2891.0,-18929,-2474,0.246325,0.7187575773648591,365243,44338.5
554,0.8117266329656923,0.2126657441945366,0.12217975,0.39801353,-1178.0,-9861,-2550,0.1808888888888888,3.3160864595632944,-918,21978.0
555,0.6445269538851229,0.2902264291864009,0.6006575,0.050950486,-58.0,-11819,-4106,0.1468666666666666,8.146923849915645,-186,19827.0
556,0.5428031935092025,0.387275367160443,0.5691488,0.28873673,-1064.0,-10493,-3086,0.1670666666666666,7.02670443680582,-1068,22554.0
557,0.28178373348061797,0.6095221404026326,0.5316861,0.7349341,-6077.0,-17267,-800,0.2765666666666667,4.45752205823815,-1568,37336.5
558,0.20420463643995254,0.6947492996774038,0.79813725,0.58037806,-3828.0,-12754,-3507,0.3584,6.523404471268779,-5040,40320.0
559,0.5005586400219928,0.2979361249652771,0.67065173,0.17074104,-5029.0,-18935,-2468,0.1830666666666666,10.277211811432307,-1415,37071.0
560,0.28367054379205914,0.5770986273846721,0.5208976,0.7024492,-7520.0,-13563,-3885,0.1223166666666666,1.8302979515786968,-491,33025.5
561,0.2287087896593313,0.4392996499729144,0.58674,0.7000991,-10479.0,-22733,-4555,0.1254137931034482,2.1071422843475185,365243,16366.5
562,0.37445302375327816,0.40875121310283,0.53348166,0.665304,-3621.0,-18703,-2252,0.1129333333333333,1.5778628429607533,-8369,7623.0
563,0.32315576972567506,0.4971750448622838,0.5814837,0.5151515,-6217.0,-12341,-4151,0.1,10.620975977978109,-4904,22500.0
564,0.3841827992111046,0.2126613661768976,0.53527623,0.65559965,-8334.0,-19767,-3319,0.21856,16.211785382357213,-4287,24588.0
565,0.29025289432350126,0.6013407446545457,0.6127042,0.4069851,-4364.0,-18916,-2463,0.0723783783783783,10.0054708468446,-804,6025.5
566,0.41642737978595656,0.454492713780084,0.344155,0.7426979,-4644.0,-16145,-4644,0.1474333333333333,1.024447167603748,-785,19903.5
567,0.5016828286096281,0.4391263594233109,0.3457848,0.5915663,-7702.0,-8570,-1238,0.12,10.620975977978109,-1000,13500.0
568,0.2863179878858231,0.5611393729688271,0.51729655,0.6205841,-1587.0,-21563,-2518,0.2281454545454545,1.8730048452707315,365243,28233.0
569,0.4506845743750397,0.312881865712463,0.28078958,0.65149504,-3750.0,-22766,-4766,0.09776,3.2316332548520954,365243,10998.0
570,0.5545873770974477,0.3016943304704142,0.40835884,0.47477174,-17.0,-13441,-3410,0.1714285714285714,10.620975977978109,-1918,27000.0
571,0.6305337451836127,0.3834887818744339,0.41534716,0.29398757,-4976.0,-14434,-3989,0.1925384615384615,1.6188658411483203,-3759,11263.5
572,0.3582344789040959,0.3896034783536992,0.6801388,0.4427586,-8034.0,-21359,-4082,0.23785,5.441732405982935,-864,21406.5
573,0.3551864579030298,0.4001578655546403,0.5298898,0.6428169,-3.0,-19512,-3049,0.1008125,2.3522351798308527,-968,36292.5
574,0.47627259444189873,0.3387179653584806,0.5814837,0.39588302,-4656.0,-15060,-4730,0.123425,2.784093187525416,-2234,22216.5
575,0.6770726660270309,0.353254918194297,0.3944954,0.3852911,-3898.0,-9064,-1732,0.2704444444444444,2.8029246753719983,-105,21906.0
576,0.45766975389540826,0.4432152466071511,0.45074728,0.54115087,-6127.0,-11831,-2598,0.2646666666666666,8.05806190441578,-2266,53595.0
577,0.24456920140133642,0.5244691429908573,0.7223929,0.6382704,-7150.0,-13262,-4364,0.1580571428571428,3.2391149578721468,-2394,24894.0
578,0.678401224350868,0.3171207056522611,0.28078958,0.5269058,-3413.0,-8241,-658,0.20656,5.7157346235332085,-657,23238.0
579,0.6495616908963415,0.3500768752569938,0.18629295,0.6063046,-3666.0,-8968,-1581,0.1131785714285714,5.969012039137134,-450,14260.5
580,0.6552367631028818,0.2660255864598525,0.25946766,0.5308179,-9067.0,-17426,-973,0.0923,0.130100530564059,-1168,8307.0
581,0.1588742763503642,0.6965589613599793,0.71803284,0.6713243,-7052.0,-14760,-209,0.2412888888888888,15.621589857852667,-198,48861.0
582,0.34623032556141137,0.3826299805193573,0.44896227,0.6790119,-5465.0,-11088,-3778,0.074175,17.30119134365353,-893,26703.0
583,0.7133580156938482,0.224484377743579,0.19294223,0.47692612,-11349.0,-20756,-4163,0.448,6.523404471268779,-2341,40320.0
584,0.4914251815077511,0.3504592206202727,0.33125088,0.7110777,-942.0,-16295,-4008,0.1821142857142857,3.1914411000596443,-642,28683.0
585,0.27711130413225465,0.6420718274859893,0.5406544,0.715683,-390.0,-11158,-2475,0.2488444444444444,6.086763195458733,-640,50391.0
586,0.6622160460245411,0.302669689421401,0.1951984,0.5063759,-42.0,-13700,-4367,0.1984857142857143,7.874425963126019,-2159,31261.5
587,0.7592302293275035,0.2753419813076635,0.19977057,0.31820008,-1291.0,-10172,-2860,0.055,3.3372809348847454,-1076,17077.5
588,0.18994046201189255,0.6731722119240375,0.63637614,0.68002146,-10293.0,-16306,-3966,0.1223454545454545,3.176181822362123,-4904,30280.5
589,0.1839741095290318,0.6796932599009824,0.70018387,0.5876296,-1636.0,-16380,-4216,0.033906976744186,6.373300279770389,-1993,6561.0
590,0.4176077200817774,0.3731498159424543,0.563835,0.5217082,-5194.0,-16370,-4221,0.132075,1.930591673496496,-964,23773.5
591,0.5014903657018094,0.4248946990586446,0.4740513,0.50880265,0.0,-14994,-3837,0.2646285714285714,0.3438472137709647,-2661,41679.0
592,0.32634940326710055,0.595539108955923,0.49927202,0.6281129,-8819.0,-16542,-69,0.1734833333333333,1.8920663505571864,-2588,46840.5
593,0.35033242476795534,0.3746363292178946,0.40835884,0.6996398,-2908.0,-18640,-2137,0.0865375,5.952448547549971,365243,31153.5
594,0.5573843665512871,0.4035411500487961,0.17249547,0.63986933,-4539.0,-13804,-4823,0.0957818181818181,4.073327386598868,-191,23706.0
595,0.4855421574288061,0.4497704224642361,0.34090644,0.3433923,-14519.0,-23986,-4072,0.2680333333333333,2.9382994718097466,365243,36184.5
596,0.14740253690370841,0.6983725736481082,0.6195277,0.68469006,-9413.0,-23158,-4312,0.1763333333333333,3.394080688569856,365243,19044.0
597,0.48596254519404025,0.2990909871621571,0.367291,0.51253486,-4110.0,-21430,-4573,0.0819555555555555,0.123460316453583,365243,16596.0
598,0.35261785543048635,0.5684851212894102,0.62630427,0.31436035,-4126.0,-15116,-4542,0.0635,5.622885126579602,-2134,11430.0
599,0.43513740927470296,0.4960470323219442,0.20796417,0.6585659,-7497.0,-20830,-3473,0.1426,0.7460487666334892,365243,16042.5
600,0.2094724084027985,0.579954320630584,0.6545293,0.7565915,-2905.0,-12130,-3690,0.15,10.620975977978109,-4277,10125.0
601,0.5639271912439994,0.3326179958743658,0.2851799,0.70744324,-4648.0,-9917,-2181,0.120127659574468,2.6757393730520995,-1482,25407.0
602,0.6148138678560542,0.188262700916707,0.53527623,0.4185502,-8910.0,-8929,-1585,0.14232,6.242309880479735,-129,16011.0
603,0.29481854915457234,0.4124715748402928,0.622922,0.5770513,-7818.0,-13711,-4104,0.0800666666666666,13.900342489061712,-452,10809.0
604,0.5391241200254967,0.2721354425457936,0.20092608,0.6149248,-2379.0,-23789,-4804,0.134,2.2392870662879094,365243,15075.0
605,0.570361456115711,0.2649378765968854,0.40314168,0.3672746,-433.0,-16829,-383,0.1449125,15.562973481363018,-853,52168.5
606,0.31340291468842124,0.4413416395406958,0.70470643,0.57486695,-1559.0,-18880,-407,0.1979833333333333,1.856838223670109,-1355,53455.5
607,0.4444914320036378,0.4745005934162759,0.37064964,0.5477785,-102.0,-15081,-4792,0.1136526315789473,2.935435040293255,-864,48586.5
608,0.3070310914491724,0.5352945466049244,0.41184855,0.6887828,-10507.0,-22570,-4745,0.2247258064516129,0.8118619605139488,-972,62698.5
609,0.2040444685228555,0.5024099047238365,0.79813725,0.6589591,-9708.0,-17820,-1348,0.12352,3.2092760948154275,-2900,27792.0
610,0.49691699161341724,0.2266759245921709,0.53527623,0.41457486,-2038.0,-15060,-1884,0.08075,17.68335141907911,-118,7267.5
611,0.4027341364173243,0.3882440178484458,0.5954562,0.5329849,-4078.0,-20464,-817,0.1792222222222222,2.3522351798308527,-4526,29034.0
612,0.5457775367916501,0.2834444299381312,0.3740208,0.4567957,-5872.0,-15882,-5872,0.1381,5.831278212383761,-6189,43501.5
613,0.21472721882982462,0.6436188206343527,0.5585066,0.7767509,-3299.0,-14076,-4837,0.367125,16.1520258188667,-4889,26433.0
614,0.5664021230015222,0.3132929608109294,0.29708663,0.6345919,-4639.0,-11222,-3575,0.1383,7.376845248571828,-3281,12447.0
615,0.260444956041366,0.4305260567955715,0.63303167,0.62143844,-7747.0,-20850,-3975,0.1641875,1.5541663579072609,365243,23643.0
616,0.2179614100874326,0.668021889326686,0.5726825,0.60216296,-5938.0,-21530,-4829,0.3111428571428571,1.9444842699775533,365243,39204.0
617,0.18054589875964464,0.4308994830998635,0.62799084,0.62820995,-7950.0,-23734,-4634,0.14025,19.12465715396603,365243,7573.5
618,0.2949489360008462,0.4369612648189851,0.79813725,0.45719182,-10615.0,-20806,-4295,0.3012333333333333,1.4569002857824698,-10624,40666.5
619,0.16850609594366717,0.6558726741058256,0.8160924,0.57994664,-4983.0,-15257,-3997,0.1297,2.029300937618417,-887,46692.0
620,0.17843101496154296,0.4625542454950287,0.6075573,0.7485788,-5732.0,-21156,-1103,0.0489285714285714,23.513723920043205,-999,6165.0
621,0.5861774579908104,0.2607205452143495,0.14375806,0.64347434,-3731.0,-19994,-3443,0.075,10.620975977978109,-1573,10125.0
622,0.3032523245508316,0.5610803119966081,0.64136827,0.49361143,-5122.0,-16298,-4123,0.1991142857142857,4.511647488050263,-3587,31360.5
623,0.26845163305088393,0.4346940103501212,0.5424451,0.7352875,-9535.0,-19369,-2898,0.1125,10.620975977978109,-6419,10125.0
624,0.39671535569890326,0.5368913030306026,0.44183582,0.63087726,-3894.0,-18493,-2038,0.1653076923076923,0.1911061499875854,-211,9670.5
625,0.3013803131959821,0.4240098397101085,0.5971924,0.6413092,-9359.0,-21622,-4041,0.2643,7.585405498036191,-6842,23787.0
626,0.13840433103261102,0.5176112074742256,0.75440615,0.7545804,-13277.0,-20355,-3686,0.1741625,0.8118619605139488,365243,62698.5
627,0.9165521192053938,0.0263620682649446,0.06733951,0.00618935,-3940.0,-12572,-5241,0.2116333333333333,5.523228691913262,-5501,28570.5
628,0.22702393322457368,0.4691133036740935,0.6479769,0.72373325,-9051.0,-16408,-4145,0.173925,5.089701106475064,-3579,62613.0
629,0.3579529663831253,0.4251370723446836,0.68326885,0.5488129,-4277.0,-19716,-3272,0.2906,0.659447287183057,-4571,26154.0
630,0.667107951617366,0.2399804104072091,0.32331124,0.37934223,-10501.0,-19148,-1249,0.09928125,1.7993141473565233,-1484,14296.5
631,0.5155349526566305,0.3181866435118242,0.58499,0.328679,-12353.0,-18377,-1917,0.14036,2.157526213274385,-5210,15790.5
632,0.30120211373047157,0.469702206914635,0.63970757,0.44634396,-5736.0,-14891,-3867,0.12068,15.124742007257996,-258,27153.0
633,0.3315149576471609,0.4374990083117306,0.6545293,0.618966,-3310.0,-13329,-4779,0.21162,0.3196361986092411,-2337,47614.5
634,0.43809462140728245,0.4728218020957574,0.4758499,0.5849723,-3374.0,-10584,-3254,0.084075,0.6784262580572298,-1903,15133.5
635,0.27917785019699076,0.4581526138733158,0.80388504,0.5161127,-411.0,-16714,-272,0.0987058823529411,2.4823644894277352,-253,37755.0
636,0.41667745474874623,0.3506867344885086,0.39794633,0.63741666,-329.0,-22073,-4725,0.21748,1.846564243080473,365243,24466.5
637,0.6774278988669331,0.3046264771354114,0.36394525,0.37904367,-5627.0,-10013,-2456,0.23274,1.470262920698806,-301,52366.5
638,0.24854965436808255,0.4790799856845392,0.63637614,0.7673932,-153.0,-19547,-2935,0.27855,5.515314232378232,-3979,50139.0
639,0.9266790496816402,0.0427706159384628,0.095692724,0.025161617,-5532.0,-10772,-3022,0.35308,4.132231334967984,-241,39721.5
640,0.2936017758919025,0.616842101299349,0.5744466,0.460466,-4694.0,-21207,-364,0.2343,4.246628301895528,365243,31630.5
641,0.21909019324074153,0.6304001331741454,0.49927202,0.7334233,-4186.0,-20934,-4341,0.0839523809523809,6.084427084813315,-4371,7933.5
642,0.4661158331516192,0.3401169845210844,0.35729328,0.6501582,-11205.0,-18776,-2327,0.0958846153846153,3.3105015253756864,-778,22437.0
643,0.44313614371963567,0.5154353846874865,0.4740513,0.5383369,-4809.0,-11195,-3291,0.1764444444444444,0.1471896632018632,-491,35730.0
644,0.5764737199719794,0.3352179607410378,0.41709965,0.4313369,-2475.0,-11530,-4000,0.125475,4.634686533320997,-2479,22585.5
645,0.5389970800207665,0.3167084043954195,0.7223929,0.17092378,-4354.0,-9612,-2281,0.1216,7.403453425005613,-809,16416.0
646,0.6894271188486668,0.2273424330271663,0.048925865,0.6463088,-7993.0,-19032,-2567,0.1349333333333333,4.342548674651092,-3776,27324.0
647,0.5090925060308545,0.3907692617852836,0.5937176,0.44017047,-572.0,-10351,-2981,0.31844,5.361242836824709,-1152,35824.5
648,0.5316265469356877,0.3094756443116127,0.45253357,0.4495074,-5906.0,-16378,-5423,0.1142307692307692,1.89770631998214,-379,13365.0
649,0.7109778522625965,0.0860430260725387,0.53527623,0.26525635,-10484.0,-19381,-2579,0.36228,1.4748676475483613,-119,40756.5
650,0.5286797502054357,0.3107507409295167,0.45432106,0.45144534,-2801.0,-12651,-5085,0.0951333333333333,6.1380826058724525,-4827,19264.5
651,0.18406929004688638,0.6759911025051776,0.5495965,0.75509834,-7283.0,-19499,-3053,0.132,2.765396331652248,-209,59400.0
652,0.6810292772575488,0.41206369912802,0.31703177,0.40833163,-2931.0,-14811,-153,0.3517,1.8332418263201644,-904,31653.0
653,0.5442872663732932,0.274917345467199,0.22258076,0.59935695,-2345.0,-23145,-3632,0.0728260869565217,0.632466185775904,365243,7537.5
654,0.7195198647654937,0.0182348622863093,0.53527623,0.05621505,-3011.0,-21599,-4771,0.1883421052631579,1.6111969763714873,365243,32206.5
655,0.2888545082038634,0.5945940462956547,0.6785677,0.5488454,-6502.0,-14455,-4441,0.2306521739130435,0.4891001977719966,-2064,23872.5
656,0.2577297234786532,0.3729156460937801,0.7610264,0.30112675,-3653.0,-22396,-4048,0.1747857142857143,20.746764236831083,365243,11011.5
657,0.8442012680091543,0.1945760412709351,0.15100753,0.08895492,-6707.0,-14314,-4012,0.1941428571428571,6.150963043854096,-3751,24462.0
658,0.48472552386579565,0.3426325979087621,0.71215516,0.26225838,-8708.0,-19755,-3299,0.2394666666666666,0.4768798851647604,-4147,16164.0
659,0.24882821480864906,0.4793523502691003,0.6690567,0.7317955,-3726.0,-17145,-675,0.1386181818181818,4.946912943142423,-3225,34308.0
660,0.6536559797227467,0.3524467445968214,0.5226973,0.12465459,-1909.0,-9765,-1901,0.07105,5.242147150698884,-1791,12789.0
661,0.23754786816479664,0.4599110794653266,0.58323795,0.76754534,-8865.0,-17950,-1494,0.125,10.620975977978109,-7433,33750.0
662,0.4667339222798731,0.3220525490051003,0.36394525,0.5870519,-6328.0,-16024,-4274,0.0625,10.620975977978109,-5001,11250.0
663,0.4421435086783553,0.5900716517370748,0.23401517,0.71368086,-286.0,-16603,-145,0.1252857142857142,1.5441713827084813,-644,39465.0
664,0.37671881960958303,0.4005928536449104,0.4650692,0.71642995,-7629.0,-13573,-4786,0.12475,1.823163197430122,-1796,33682.5
665,0.3692996189585832,0.404913177117583,0.6769925,0.49346384,-7512.0,-12404,-2458,0.3363714285714286,11.944734621092469,-2636,52978.5
666,0.6204466550123108,0.2542784436777202,0.39621958,0.34213117,-6163.0,-20448,-4000,0.254575,4.4594441217255865,-3212,45823.5
667,0.6189094195041783,0.2800665070620649,0.3556387,0.46687734,-6058.0,-15827,-1480,0.1688666666666666,6.799525694989095,-1998,11398.5
668,0.48510314422363465,0.5030443765385941,0.5208976,0.26531175,-9722.0,-20862,-4387,0.2994,2.768272522706683,-1061,26946.0
669,0.1669117317915011,0.6732443544210338,0.59892625,0.69752634,-1104.0,-18449,-1994,0.15,10.620975977978109,365243,20250.0
670,0.5819444146585788,0.2842811795918061,0.44361532,0.3817805,-3942.0,-17545,-1081,0.16204,6.552632321350638,-1079,36459.0
671,0.20406877695480652,0.5003016725211985,0.7490217,0.7072214,-8319.0,-15977,-4628,0.130024776255246,2.922342472634587,-2419,23143.5
672,0.5039709113186877,0.3278595948968452,0.51549536,0.4359825,-3584.0,-21062,-998,0.13644,3.527374641918657,-1598,15349.5
673,0.5381166851892293,0.4330525061720038,0.31703177,0.65384966,-1158.0,-13034,-4611,0.3505333333333333,1.8914674618260463,-5643,47322.0
674,0.15797597046345827,0.7232636317993371,0.66263777,0.74668914,-9691.0,-18606,-2159,0.192,1.6234930228638644,-11683,56160.0
675,0.23256553142329034,0.5685049824935476,0.6109913,0.71907467,-4690.0,-13631,-4978,0.1646833333333333,4.187415702096375,-1585,44464.5
676,0.16941217668886555,0.6659827034508479,0.57796913,0.56332743,-1693.0,-24778,-2420,0.1623666666666666,14.992658932298951,365243,21919.5
677,0.12564204399294165,0.7335390712199884,0.6910212,0.5967128,-1309.0,-23494,-1983,0.1636363636363636,10.620975977978109,365243,40500.0
678,0.7658023637630565,0.253373816218323,0.17982176,0.33364356,-979.0,-11686,-3036,0.1561428571428571,6.752952952281688,-1000,24592.5
679,0.7183125728946287,0.2486428297165961,0.5478105,0.15574045,-5115.0,-12767,-4271,0.358,0.6371205585090634,-848,27387.0
680,0.5516295191089652,0.306836265018377,0.59197664,0.28589788,-12162.0,-17630,-1173,0.213575,1.7860355393922056,-1580,38443.5
681,0.6600356705299416,0.2538035620083801,0.5478105,0.17165013,-7893.0,-8656,-1327,0.1103333333333333,8.534146451109304,-612,14895.0
682,0.757233471114624,0.2197441931214061,0.20442262,0.4495128,-1735.0,-13426,-4151,0.3681875,7.398075753038413,-2540,26509.5
683,0.2916801623748239,0.5342266919671521,0.53348166,0.68001676,-9249.0,-10296,-2943,0.1,10.620975977978109,-2599,13500.0
684,0.312532230112653,0.566796357237886,0.71215516,0.44121072,-7278.0,-16431,-4435,0.353,5.438937394286625,-3721,31770.0
685,0.6022076842039062,0.2909355773640416,0.33125088,0.5275762,-2360.0,-16676,-227,0.242,1.1499771829354133,365243,32670.0
686,0.12227380931820082,0.7487628088120517,0.824595,0.6605937,-13244.0,-19586,-3121,0.1681470588235294,2.11706988758722,-4542,25726.5
687,0.21170302562540053,0.4568848508024806,0.81391746,0.5010187,-4403.0,-21737,-4949,0.2565333333333333,1.868482137726324,365243,51948.0
688,0.3541222171394201,0.5966070053539927,0.4258929,0.59586006,-7077.0,-12954,-4747,0.1457118644067796,2.8211127982832096,-1608,38686.5
689,0.2762620566840377,0.4601177427347749,0.7366227,0.59716535,-2986.0,-13581,-1065,0.13894,7.874425963126019,-2180,31261.5
690,0.6970956750502894,0.2569268009247298,0.24451639,0.51943785,-8288.0,-8935,-1620,0.2075247386272247,6.84762299246271,-539,26707.5
691,0.5421152334416022,0.2589407215460868,0.5316861,0.20546512,-10584.0,-22278,-5079,0.1916470588235294,2.3462351916581525,365243,14661.0
692,0.5381712338745971,0.3325696533444419,0.54423475,0.4184597,-8713.0,-10156,-1133,0.1468888888888889,4.194831776398433,-1801,29745.0
693,0.17616751014258253,0.5069988037698211,0.832785,0.63447523,-4153.0,-18618,-2161,0.319027027027027,15.56811382618104,-2632,53118.0
694,0.14026526442990075,0.5115807263610841,0.8083936,0.67579585,-11403.0,-20924,-4325,0.1988,6.620434271643649,365243,26838.0
695,0.26458851352426177,0.6475058758753393,0.62799084,0.6682289,-2147.0,-11675,-4046,0.3732666666666667,6.086763195458733,-2288,50391.0
696,0.4749925547784838,0.3772112689143981,0.5513813,0.5481143,-8000.0,-17280,-840,0.46288,6.780697449532069,-254,52074.0
697,0.27331661984315603,0.5512938928661548,0.3360615,0.5377499,-7274.0,-23105,-4601,0.1383333333333333,19.09347564465971,365243,20542.5
698,0.3072703198451383,0.5112169108747322,0.6738301,0.6210628,-3596.0,-8711,-1181,0.12276,5.7188056341743065,-882,27621.0
699,0.3214417895235496,0.3987933795590871,0.58674,0.575225,-1786.0,-22590,-1866,0.1889555555555555,1.959904499710663,365243,38263.5
700,0.256207351344935,0.6600645735322165,0.71803284,0.5149931,-1291.0,-14677,-2929,0.1940857142857142,1.851235609470847,-2659,30568.5
701,0.1466878627335775,0.4970759974720373,0.7295667,0.71896863,-4548.0,-23570,-4047,0.13855,16.188849297297025,-9793,24939.0
702,0.5703666708340336,0.3012103947383115,0.74079907,0.10262394,-7204.0,-13155,-3962,0.2429428571428571,1.959904499710663,-4863,38263.5
703,0.4133161202095267,0.3819815916228753,0.53527623,0.6687475,-103.0,-11946,-98,0.11499,2.309822321353772,-2598,51745.5
704,0.7726498938249905,0.0936626114150674,0.53527623,0.051009733,-3035.0,-8152,-817,0.08,10.620975977978109,-655,9000.0
705,0.6549667923883318,0.2424870787899036,0.45789954,0.23700997,-9592.0,-12757,-4745,0.0963469387755102,2.1938214425792912,-862,21244.5
706,0.49140702448456197,0.3296389777416483,0.785052,0.14092451,-8226.0,-19670,-3174,0.28,1.7926354583625903,-1523,37800.0
707,0.5349046093094609,0.4114106253797427,0.28078958,0.5639406,-9020.0,-19967,-3434,0.2391714285714285,1.556365286037087,-2964,37669.5
708,0.3107782454679103,0.4532715994684869,0.7610264,0.5488508,-4802.0,-16645,-182,0.20275,0.5491544124044179,-1721,47443.5
709,0.6994639791680535,0.179860461009054,0.35895124,0.15426542,-9569.0,-23193,-4723,0.2672,1.7530391856589,365243,30060.0
710,0.20070533276981478,0.5109216194402801,0.6986675,0.7961036,-5209.0,-11245,-3659,0.15,10.620975977978109,-1853,20250.0
711,0.636310644657851,0.3554843716881706,0.42765737,0.45182446,-4000.0,-9282,-1958,0.2784761904761905,1.5597220007393495,-205,26316.0
712,0.41539352805027774,0.3497573049247758,0.30010775,0.743637,-5472.0,-21517,-2395,0.1125,2.1181403334651794,365243,16200.0
713,0.65738109166667,0.2608324019278485,0.4365065,0.31741783,-6416.0,-16420,-4278,0.25655,1.88126997763014,-1066,23089.5
714,0.5043295592539025,0.4268508980283153,0.67065173,0.14798786,-653.0,-12288,-4019,0.185,7.962014379761895,-3775,26640.0
715,0.4149723240179574,0.4440438543443391,0.3556387,0.6090884,-6184.0,-13607,-3296,0.025,10.620975977978109,-4518,11250.0
716,0.4246879129123447,0.5279821348069218,0.3217353,0.56590235,-1710.0,-20803,-156,0.1664571428571428,2.7268436150310382,365243,26217.0
717,0.22964863099278607,0.5508822590819156,0.8061493,0.57994664,-797.0,-13441,-4181,0.18648,5.0755928561322605,-2748,20979.0
718,0.5950130610743429,0.421429417048498,0.14644207,0.5557177,-6896.0,-17196,-733,0.122325,8.086644367888951,-5815,22018.5
719,0.4950918756470705,0.3147827076988764,0.51549536,0.39566863,-4869.0,-17593,-1076,0.1152666666666666,8.226293047087285,-2370,38902.5
720,0.2573794936630285,0.5307610632644149,0.6577838,0.58815414,-6031.0,-11225,-3862,0.075,10.620975977978109,-2476,13500.0
721,0.5650294300721437,0.293427424022925,0.21155076,0.6687184,-5564.0,-19800,-3351,0.1095,3.635424493164807,-1155,15768.0
722,0.1647650226539413,0.4780439818782012,0.7688076,0.61654425,-5140.0,-23698,-4459,0.1991111111111111,6.523404471268779,365243,40320.0
723,0.44094729697304513,0.3882788359688198,0.5226973,0.61421514,-8630.0,-10922,-3598,0.2143,4.197108134341576,-1114,19287.0
724,0.2705335664215701,0.3745680648387789,0.7886808,0.27538747,-10318.0,-20654,-4097,0.0641025641025641,10.620975977978109,365243,11250.0
725,0.6037739910043336,0.274230194255972,0.22383131,0.59584427,-485.0,-19865,-3395,0.10444,2.8474080979920435,-2228,23499.0
726,0.7651455445507216,0.1985485212202929,0.28665248,0.29248747,-10186.0,-11100,-3574,0.2898,6.604453996372839,-728,32602.5
727,0.5924570400271837,0.2692927759804948,0.22383131,0.58062303,-2093.0,-20404,-3866,0.3033928571428571,3.952046525056408,365243,38227.5
728,0.20384533489741458,0.6251719174035426,0.39621958,0.6864154,-3304.0,-22845,-3533,0.2324444444444444,19.710687414046667,365243,28242.0
729,0.39939260091114415,0.3964720585491174,0.47045612,0.69772005,-8350.0,-18381,-1914,0.1775,3.1874551089236647,-2451,14377.5
730,0.6535563444397972,0.2851599676182126,0.37064964,0.17801584,-1301.0,-22104,-4908,0.3208153846153846,5.17302065389873,-3702,93838.5
731,0.23738377613779538,0.4563916182006977,0.7463002,0.57488835,-8822.0,-16229,-4426,0.15,10.620975977978109,-534,13500.0
732,0.4573948235842555,0.2152573056565919,0.53527623,0.6636025,-8661.0,-16007,-4426,0.1942,2.7268436150310382,-1192,26217.0
733,0.4314412417022507,0.3888088599804342,0.35729328,0.80026716,-9223.0,-16767,-314,0.165,2.344457700092639,-10090,33412.5
734,0.6252321103882422,0.2812321000833555,0.13937578,0.7115941,-772.0,-13234,-2460,0.059276923076923,5.2520850670259245,-3111,17338.5
735,0.5623908886916523,0.2893312409496275,0.13851288,0.7375245,-6659.0,-16856,-399,0.2383,18.459392406573127,-934,32170.5
736,0.46791173617031695,0.349926853698786,0.62630427,0.38046524,-8434.0,-16182,-4705,0.2886,1.868482137726324,-9275,51948.0
737,0.6713528281827785,0.3631612283388846,0.15100753,0.42468786,-6002.0,-18431,-1774,0.12144,4.342548674651092,-1022,27324.0
738,0.27354832032085813,0.4279722018990094,0.63470554,0.61169904,-9305.0,-23284,-4651,0.3197272727272727,1.8332418263201644,365243,31653.0
739,0.5299425306283866,0.3320625630689321,0.62461466,0.32727644,-4999.0,-18986,-2495,0.3302344995067162,1.9426935794560896,-2331,39163.5
740,0.5239876355895927,0.3111725928841122,0.3944954,0.51944876,-6531.0,-19907,-3444,0.1144897959183673,0.905065991676124,-1569,25245.0
741,0.10351994395108964,0.6697020449607443,0.7281413,0.5832671,-3678.0,-24822,-4342,0.1658,20.02210664523034,365243,22383.0
742,0.36389218554542485,0.2237214758316591,0.53527623,0.68969613,-1519.0,-21795,-4985,0.1116571428571428,0.6923414733479571,365243,17586.0
743,0.7682207688407003,0.1869448451472004,0.42061096,0.107357584,-389.0,-10882,-1910,0.1557894736842105,7.962014379761895,-669,26640.0
744,0.49837313276795353,0.3539491461584267,0.6195277,0.40042087,-3361.0,-13835,-3921,0.233625,2.9218723618718245,-1202,16821.0
745,0.4573333507309587,0.4067449134758812,0.32965505,0.5898481,-4248.0,-21535,-5070,0.1780833333333333,1.8158375382876453,-3359,48082.5
746,0.6895045526886346,0.2410589024458067,0.24054141,0.47495168,-9152.0,-15869,-3260,0.2077666666666666,2.6810148158052938,-1068,28048.5
747,0.13623027503366683,0.6833390527710903,0.7610264,0.700448,-3790.0,-15993,-4145,0.125,10.620975977978109,-6227,16875.0
748,0.4929738973752784,0.4041067941505249,0.44717857,0.5481306,-542.0,-10791,-3447,0.1400869565217391,6.04224315458306,-2323,14499.0
749,0.19247948413273566,0.6712894332426219,0.44005784,0.7538588,-5832.0,-22131,-4267,0.1440545454545454,2.495695240849738,365243,35653.5
750,0.321224944364051,0.4374493265229268,0.63303167,0.64278173,-4689.0,-9981,-2574,0.1414736842105263,9.220872751257314,-206,24192.0
751,0.6250286627704122,0.242789242791667,0.52809274,0.15967923,-10975.0,-21317,-3917,0.23852,4.569365195684316,-1666,26833.5
752,0.46925589189585737,0.3583662316458084,0.42765737,0.6279648,-11861.0,-11990,-2797,0.0976,3.5822909386149737,-550,15372.0
753,0.43221391062980535,0.371863877662013,0.5954562,0.48248765,-3624.0,-12002,-3168,0.14505,6.721820083227481,-1251,26109.0
754,0.6458411378579002,0.2445528712852946,0.67065173,0.0061693406,-1335.0,-19100,-2564,0.10892,1.3742805427511715,-239,12253.5
755,0.0968260103571334,0.5537714645188677,0.832785,0.77866757,-10551.0,-21988,-4806,0.1875,10.620975977978109,365243,16875.0
756,0.7578024821459692,0.2375302207940432,0.13595104,0.5806869,-2280.0,-11802,-4045,0.3893777777777777,3.5736040808111325,-411,39424.5
757,0.5659400167489441,0.357193378693699,0.53527623,0.5043589,-3633.0,-18959,-2511,0.554,1.6118962964976502,-58,32409.0
758,0.4497430577188551,0.5203181279054557,0.15008518,0.7203319,-5409.0,-20246,-3804,0.07184,1.9221929010054373,-5076,24246.0
759,0.43539016515843254,0.318265026398646,0.41010258,0.52391225,-3136.0,-22505,-1107,0.1559102564102564,5.499675211027255,365243,54724.5
760,0.8111714345918156,0.1477460708261608,0.34252888,0.073572285,-3342.0,-14837,-3943,0.1235666666666666,1.1186364039436292,-612,16681.5
761,0.13697022664029534,0.7663217454493242,0.824595,0.5945587,-10303.0,-19180,-2687,0.1637,2.1960270245411806,-5371,22099.5
762,0.2722068055685389,0.4147504148111603,0.6894792,0.5098683,-10395.0,-22813,-4467,0.21156,1.553822504158875,365243,23800.5
763,0.19315309099193628,0.7554327959527216,0.6910212,0.69416165,-4060.0,-16708,-246,0.2630666666666666,2.7613330217712395,-9551,35514.0
764,0.45108819595701316,0.4492876354175953,0.6512602,0.3117926,-5003.0,-11987,-1357,0.0935,5.451424373508074,-415,11781.0
765,0.14649360178767712,0.696579030539076,0.71215516,0.6923854,-7526.0,-13389,-4281,0.0994857142857142,11.267010234141228,-4278,15669.0
766,0.7603659464770104,0.1910338290769511,0.3556387,0.19240439,-1556.0,-14646,-3987,0.15815,3.4952491230592075,-2291,14233.5
767,0.2428259814933237,0.4434797786916545,0.6577838,0.6337751,-2391.0,-22870,-4388,0.1968,2.0827548004397123,365243,22140.0
768,0.8043060182763206,0.3405197657573384,0.20559815,0.17312895,-1863.0,-12161,-4078,0.2924,1.5597220007393495,-1918,32895.0
769,0.4852174570857283,0.346262156547989,0.4650692,0.54893744,-958.0,-15607,-4879,0.1013888888888888,1.8235001699941968,-2185,8212.5
770,0.34412837580999744,0.5761292593117008,0.27500036,0.7488298,-3678.0,-12064,-2241,0.134625,17.76451485509225,-2645,24232.5
771,0.4629144438747043,0.3814702119474329,0.7223929,0.37057367,-2125.0,-18289,-1623,0.3588813559322034,0.1496438652894394,-4986,47641.5
772,0.356698323878273,0.4742034753633612,0.53527623,0.71710914,-6077.0,-12129,-4317,0.3432,6.623442490696219,-472,30888.0
773,0.38460204176362894,0.439528033909016,0.49566582,0.6027286,-3416.0,-11639,-3430,0.10425,7.924138708770245,-416,28147.5
774,0.30048556098377327,0.5517245428717539,0.58499,0.57043594,-3920.0,-10860,-3528,0.1,10.620975977978109,-951,13500.0
775,0.46769498457143743,0.4458072956078676,0.33285058,0.68206877,-2603.0,-12660,-4376,0.119675,1.608426753003411,-463,21541.5
776,0.2697033775009789,0.4923147802927528,0.7862666,0.64107275,-8140.0,-13944,-4669,0.36975,1.8204097363297755,-2560,33277.5
777,0.42188451257118154,0.5316208199584188,0.2525987,0.6292309,-12420.0,-20516,-4080,0.12368,3.5287995537941264,-3770,13914.0
778,0.678704593958565,0.2031435080512645,0.4830502,0.087678425,-2153.0,-22299,-1628,0.1833333333333333,10.620975977978109,-2742,24750.0
779,0.1609592104956529,0.6944738660416337,0.7136314,0.5860337,-3304.0,-22029,-4212,0.2275,1.8346578859793403,365243,30712.5
780,0.27643025566713453,0.6453522704413404,0.5902333,0.55645186,-4139.0,-14376,-4640,0.1034333333333333,2.2556233504269274,-295,13963.5
781,0.5133766449682644,0.3676950324617506,0.24054141,0.70491594,-2251.0,-14095,-4900,0.063825,2.4343221817980654,-320,22977.0
782,0.20499432438448367,0.4558712389438524,0.69409263,0.6314932,-10587.0,-24669,-1174,0.3461333333333333,14.970708609582385,365243,23364.0
783,0.7189743999502156,0.0001970358693291,0.53527623,0.00060742884,-5605.0,-24266,-4383,0.1639,5.429536602788687,365243,14751.0
784,0.5680511950762578,0.4989682506213871,0.17044613,0.6631337,-1100.0,-9704,-2317,0.2011333333333333,3.0275459574706343,-2583,54306.0
785,0.48991601131218293,0.5248727695017497,0.44717857,0.48784044,-11749.0,-11777,-3834,0.39696,3.500879456739048,-5071,44658.0
786,0.22860174012784107,0.4252640586832934,0.50107515,0.75234216,-6058.0,-21159,-4340,0.0901333333333333,20.14310374893473,-5623,6084.0
787,0.8523099177888565,0.1324929879025778,0.106841944,0.2893299,-1270.0,-12834,-396,0.1963666666666666,7.398075753038413,-1378,26509.5
788,0.4860783106713845,0.3792738695953929,0.6313545,0.33976278,-4432.0,-10960,-3625,0.2093333333333333,6.667880224972,-200,28260.0
789,0.6793558213155467,0.2316931804630825,0.5797274,0.06790159,-4223.0,-12235,-4344,0.3110869565217391,2.841829283798792,365243,32197.5
790,0.7346184147647488,0.2355417701564615,0.09322509,0.62219435,-9781.0,-18354,-1905,0.3411052631578947,2.69023827658732,-2931,29164.5
791,0.6567030332380225,0.2705871919238031,0.23922628,0.5674488,-1542.0,-12250,-4098,0.20088,5.75228174740714,-256,22599.0
792,0.46786314134556894,0.4654210716853486,0.33125088,0.66282094,-3117.0,-13609,-3754,0.1698,2.996834732052056,-301,26743.5
793,0.3890377472991193,0.3768902284439042,0.60927564,0.482575,-451.0,-15089,-4471,0.13836,7.394295107928506,-1294,31131.0
794,0.42724356664848,0.3403993024383487,0.7136314,0.25372756,-5593.0,-18050,-15,0.2596,18.92247541941874,-123,29205.0
795,0.332590251661499,0.5338774712781318,0.52449644,0.67817724,-2457.0,-11581,-3984,0.13368,1.8506623973437275,-1870,30078.0
796,0.3274876270368913,0.4219913151795224,0.51549536,0.72617495,-4099.0,-19851,-3328,0.15204,1.7010510856940275,-1845,34209.0
797,0.4117870249570388,0.5104746021567798,0.4758499,0.52340496,-8687.0,-15944,-5104,0.2799259259259259,3.19759587096764,-1585,34011.0
798,0.17522602180679936,0.4767681257114141,0.79344904,0.5851369,-13119.0,-23531,-4329,0.2059090909090909,5.403186100339918,365243,10192.5
799,0.45958891127601076,0.498470889501399,0.13680053,0.61052454,-9144.0,-22271,-4001,0.113,2.6277948857579725,365243,12712.5
800,0.21842212953598694,0.4694560659191246,0.6690567,0.7012869,-8986.0,-20457,-3901,0.2246857142857143,2.9033515753932537,365243,17694.0
801,0.7229213196603272,0.217952999338826,0.21396685,0.43334946,-4606.0,-21253,-1346,0.3884,2.7268436150310382,365243,26217.0
802,0.7177235802645254,0.2465480120898223,0.2608559,0.46922395,-1967.0,-10468,-175,0.0786666666666666,4.033985938381379,-1707,10620.0
803,0.6093932296373556,0.3778496213452751,0.41709965,0.35424975,-2610.0,-11560,-1867,0.08616,2.280824154225436,-2987,19386.0
804,0.22371370836426732,0.4414176865541073,0.69409263,0.5869353,-20452.0,-20453,-3590,0.1265333333333333,5.524541344830003,-2582,51246.0
805,0.56224563909745,0.354438378337,0.57091653,0.45612836,-8669.0,-17619,-729,0.55375,2.743668085727724,-1873,49837.5
806,0.4120297550533884,0.3895723094011118,0.46686402,0.6804543,-4049.0,-12973,-94,0.0570333333333333,7.302236340643287,-962,15399.0
807,0.23755754360837622,0.420774000036384,0.58674,0.6429876,-10124.0,-23325,-4910,0.1893333333333333,6.7244601860445785,365243,25560.0
808,0.31500202903068764,0.5928533401230515,0.6075573,0.5166206,-2534.0,-15484,-4333,0.25574,1.4810525792484208,-2042,57541.5
809,0.18752450346109317,0.7136059895100432,0.51729655,0.7482329,-8775.0,-17980,-1312,0.15,10.620975977978109,-1121,33750.0
810,0.351942952567953,0.4161440613509307,0.5406544,0.68009764,-2552.0,-12347,-966,0.0857142857142857,10.620975977978109,-92,13500.0
811,0.4673152528281405,0.4439418750165337,0.30927536,0.7687332,-2354.0,-17325,-862,0.1767142857142857,0.9658685105146114,-1351,22266.0
812,0.2669057645734852,0.3760262204281035,0.40487838,0.70780516,-12468.0,-24767,-4040,0.265,19.916048564726484,365243,23850.0
813,0.5561818022828445,0.3081015423508915,0.5495965,0.33705047,-6350.0,-14145,-278,0.0676363636363636,5.154419133325083,-935,10044.0
814,0.3148769308224762,0.4541009414574103,0.62630427,0.70161664,-6560.0,-14216,-4277,0.23392,1.5597220007393495,-444,26316.0
815,0.42199577318444703,0.3352116831902863,0.7675231,0.17764817,-6005.0,-16323,-4202,0.2040384615384615,13.911280549916397,-7195,23872.5
816,0.49509369142975984,0.3337385575242095,0.6738301,0.27757025,-5610.0,-18293,-1825,0.1333043478260869,0.1429315036841183,-6140,27594.0
817,0.1967609481059246,0.5835823736368739,0.59197664,0.6530326,-4021.0,-18053,-1615,0.10938,19.914107299959948,-6924,24610.5
818,0.7261671840243681,0.2339561573909251,0.41184855,0.26205534,-4490.0,-10358,-3028,0.1387142857142857,0.1200660220049387,-2741,21847.5
819,0.5352446134969847,0.4821945139551243,0.29859498,0.6309129,-1028.0,-10556,-2421,0.2231395348837209,1.8469862410156248,-2561,43177.5
820,0.6055087625753057,0.2433707977325572,0.56560796,0.119644284,-7881.0,-20643,-3394,0.22105,1.5342064087895624,365243,19894.5
821,0.27445128813706543,0.456129698864344,0.7421816,0.57867295,-6525.0,-19799,-3186,0.21653125,1.838282299422489,-3809,31180.5
822,0.35712080959390785,0.6002341240789802,0.4650692,0.57121813,-7961.0,-14295,-1488,0.09692,3.1821297950472616,-2083,21807.0
823,0.5207963481517472,0.3350732535341282,0.6195277,0.34222963,-1829.0,-13891,-2967,0.169825,1.851235609470847,-4850,30568.5
824,0.37964255863348456,0.4005456728021856,0.66102356,0.4978042,-6876.0,-13998,-4559,0.244,3.949753292952352,-625,38430.0
825,0.26570812348784695,0.5723661396503142,0.6195277,0.7298597,-631.0,-13625,-4333,0.2458,0.1493941872895421,-66,49774.5
826,0.28732717543105346,0.441431794602204,0.7463002,0.5287697,-6443.0,-14831,-5047,0.1885090909090909,2.762365199158534,-7771,46656.0
827,0.5273631042371862,0.3418772576863482,0.37233368,0.63881546,-823.0,-12065,-2384,0.11578,3.2915090857940754,-827,26050.5
828,0.8460869365973797,0.1665288170326442,0.43296167,0.030647876,-7223.0,-10073,-2735,0.507,4.25540052820943,-1337,45630.0
829,0.2974347070129546,0.4657865513253824,0.6738301,0.68465227,-212.0,-10203,-2551,0.15235,6.02875662298703,-2227,27423.0
830,0.6290676377729935,0.42506562767392,0.36227724,0.29672733,-252.0,-11770,-3696,0.1285813953488372,3.10354059337088,-1868,24880.5
831,0.43578318916704706,0.3882560448623773,0.38762534,0.76474404,-19.0,-16519,-17,0.112,1.7926354583625903,-1313,37800.0
832,0.3496480776496945,0.5571636691552623,0.4188543,0.6743089,-6285.0,-15002,-4696,0.12865,1.5565411951107944,-7128,23157.0
833,0.3991527986126708,0.4086093850587333,0.6212263,0.56703544,-9409.0,-19311,-2838,0.3697647058823529,2.0744323074349147,-1851,28287.0
834,0.35908196290389577,0.563883424241173,0.53527623,0.57681113,-755.0,-16813,-361,0.04708,0.1200660220049387,-4619,5296.5
835,0.6695550206604441,0.255495837421186,0.4311918,0.30689174,-606.0,-12944,-4439,0.2493555555555555,2.733901478636125,-1047,50494.5
836,0.6706816542919977,0.3513266179097873,0.15380259,0.5814694,-381.0,-10808,-2544,0.1138222222222222,3.080677096961315,-668,23049.0
837,0.8691306194417054,0.131458251435607,0.06003538,0.2623303,-2411.0,-7885,-551,0.1,10.620975977978109,-811,6750.0
838,0.40648084756071656,0.4995399370704221,0.5118918,0.5584263,-4814.0,-11051,-3624,0.1542333333333333,3.629330153758148,-193,20821.5
839,0.2905777746432521,0.4306211666259603,0.59197664,0.66750616,-1119.0,-20361,-1986,0.13894,7.874425963126019,-525,31261.5
840,0.18411695311309248,0.4758731194548671,0.7610264,0.61852753,-5489.0,-22476,-4555,0.1551964285714285,0.3426401109044352,365243,39109.5
841,0.22601265773496246,0.5653269854771277,0.5797274,0.7178627,-2345.0,-11522,-3554,0.1890333333333333,18.753981063816493,-1846,25519.5
842,0.6253886633037387,0.3257193941180767,0.19633396,0.46307474,-933.0,-9107,-1670,0.1328282828282828,17.930115078858243,-948,59175.0
843,0.144047178103989,0.7306021887965787,0.7623356,0.7228053,-6614.0,-12499,-4406,0.12556,4.540394194346287,-3964,14125.5
844,0.2629342057521903,0.6267958727856385,0.42765737,0.74250567,-1698.0,-12958,-4666,0.1944222222222222,6.979634914283195,-909,78741.0
845,0.4594645887101051,0.4931250217450565,0.5118918,0.44684657,-593.0,-9360,-1154,0.1307111111111111,8.334575760380769,-1253,26469.0
846,0.26789814677527335,0.4743206660638916,0.66745776,0.7180664,-4735.0,-15095,-1177,0.0571666666666666,2.7597457011603987,-7698,9261.0
847,0.3377314291608935,0.4233478727546756,0.6801388,0.54678696,-2467.0,-19381,-2801,0.1881,1.911060937674125,-5722,25393.5
848,0.1993123289489855,0.4208451496635055,0.52809274,0.708596,-4281.0,-24804,-4274,0.10384,14.970708609582385,365243,23364.0
849,0.32885988975627684,0.5031425514906324,0.64136827,0.51372033,-8998.0,-15035,-2674,0.1202,2.137304728470002,-1110,24340.5
850,0.37110959157844725,0.4015967462025931,0.7267112,0.42780572,-5185.0,-15957,-4069,0.21,1.7926354583625903,-970,37800.0
851,0.2855558434856026,0.4123516173734456,0.63637614,0.56168073,-13391.0,-22314,-4746,0.2350833333333333,1.9740828021630907,365243,12694.5
852,0.10899453760182273,0.7405535381940751,0.7874762,0.7132338,-4709.0,-22129,-5070,0.2688333333333333,2.3522351798308527,365243,21775.5
853,0.4017811448860129,0.3856465366423691,0.41184855,0.72969157,-5488.0,-19281,-2704,0.10834,0.925408526828364,-4726,24376.5
854,0.6319589527451411,0.3546772499698346,0.32331124,0.38625488,-337.0,-12306,-4090,0.2,10.620975977978109,-690,9000.0
855,0.20559819442674135,0.5114341368134689,0.74079907,0.7507088,-8314.0,-19870,-3358,0.2632666666666666,1.809969769396824,-3461,35541.0
856,0.26093531274643234,0.4783850989519887,0.7662337,0.62046564,-10300.0,-17869,-1406,0.21132,1.930591673496496,-6912,23773.5
857,0.2139066656884072,0.4413868441146488,0.62461466,0.66430503,-9103.0,-20552,-4046,0.0466714490674318,4.674805516367586,365243,14638.5
858,0.6313800420391231,0.330493913480645,0.46865967,0.26611388,-4648.0,-10915,-3444,0.1340444444444444,4.619788600346375,-1579,13572.0
859,0.32938044574695,0.23819510715001,0.53527623,0.73431593,-11027.0,-22069,-4904,0.22095,4.540477380912988,365243,19885.5
860,0.43000761544250865,0.2188625762227138,0.53527623,0.67471695,-9181.0,-19920,-3080,0.16286,0.9850572967408766,-1049,36643.5
861,0.3643414970942231,0.3838989145230137,0.5513813,0.5687312,-4688.0,-9935,-2213,0.1262,20.819231115180603,-2762,11358.0
862,0.29866565035999304,0.4450503990189229,0.53527623,0.74486494,-1923.0,-13277,-4019,0.12,10.620975977978109,-831,13500.0
863,0.375224317181369,0.4203234190602171,0.47225335,0.769246,-6206.0,-17048,-608,0.2395111111111111,2.7716363984807035,-3119,48501.0
864,0.34751458605013547,0.4233070575424944,0.7776594,0.43793005,-2880.0,-18810,-2364,0.2488235294117647,3.669499049789726,-2299,19035.0
865,0.4636546340323468,0.3036308637375388,0.5585066,0.31333375,-8645.0,-20483,-4036,0.2318333333333333,8.391802814114468,365243,12519.0
866,0.2340750913803645,0.4671904242226259,0.785052,0.56497276,-1024.0,-19976,-3115,0.2142222222222222,2.0876895055377043,365243,17352.0
867,0.7450556085679094,0.0083043234138829,0.53527623,0.025600849,-4169.0,-15925,-4473,0.0666666666666666,10.620975977978109,-2175,13500.0
868,0.2730612268217166,0.5713831756250436,0.60927564,0.63533187,-2699.0,-10688,-2706,0.1333333333333333,10.620975977978109,-1785,18000.0
869,0.34439806229787817,0.5907106893957617,0.8193177,0.22693627,-6814.0,-17090,-643,0.21552,1.9221929010054373,-6595,24246.0
870,0.5725872166626929,0.3797595835007495,0.37233368,0.56911194,-4157.0,-9603,-727,0.0764888888888888,0.6713402697784199,-1020,15489.0
871,0.3876008365123396,0.3364514311978934,0.47225335,0.5106826,-4440.0,-23592,-4495,0.17952,3.6797817706826654,365243,40392.0
872,0.36204747314154845,0.577331558482366,0.4614824,0.56269795,-9766.0,-15638,-1062,0.170625,6.463847429349423,-8072,30712.5
873,0.2577454539273285,0.4647773058051612,0.6769925,0.678015,-10521.0,-18735,-2288,0.1284444444444444,1.2790431401705105,-4871,26010.0
874,0.35205717599464237,0.4905697318786762,0.5884878,0.5073762,-3632.0,-10383,-3010,0.29156,18.607327631321223,-1588,32800.5
875,0.7799650273964851,0.2518336020191815,0.0950704,0.5177509,-1102.0,-8791,-1456,0.1708444444444444,2.8808034623690526,-88,34596.0
876,0.32601085992286,0.4432400552256342,0.78260785,0.49386287,-3626.0,-14619,-5135,0.3311111111111111,2.809326066163842,-5438,40230.0
877,0.4439518426803554,0.4042370874943168,0.48124933,0.7096244,-9824.0,-10529,-1578,0.25159375,1.9679451853873653,-3898,36229.5
878,0.5197519059536199,0.3476005809662378,0.48845518,0.5023362,-4149.0,-12427,-4487,0.2877142857142857,6.69076848831931,-2767,27189.0
879,0.34349747136624914,0.479682076144886,0.6512602,0.43864068,-5184.0,-11487,-4102,0.1277,11.320433528897643,-2966,11493.0
880,0.7626453182974063,0.2039379518885372,0.15951954,0.4508497,-3145.0,-8429,-1102,0.0509,8.247303862355725,-309,6871.5
881,0.13338848522459973,0.7258184711081098,0.6161217,0.7520487,-169.0,-21557,-5001,0.09804,0.97257351522535,365243,22059.0
882,0.2967283574250997,0.5960514185817588,0.52629495,0.6117406,-6905.0,-16474,-26,0.30272,15.880550595418018,-2752,34056.0
883,0.23648418092370704,0.5921537463381283,0.6848277,0.6673994,-1164.0,-12543,-2259,0.1085,5.95981831616228,-4955,14647.5
884,0.45981186162873333,0.4047669351150471,0.45074728,0.58519524,-3287.0,-10672,-3275,0.1792,6.523404471268779,-1091,40320.0
885,0.35271005108644743,0.4918489169799248,0.41359675,0.75752455,-5272.0,-13289,-4552,0.1600833333333333,2.348481555469606,-5679,43222.5
886,0.6446203180017654,0.2750324534751163,0.2881296,0.5266278,-1260.0,-11004,-3365,0.1711111111111111,7.383638155701822,-614,20790.0
887,0.636283269717984,0.2244427487670044,0.27500036,0.38530666,-1307.0,-20366,-3233,0.1144117647058823,5.1408205272921,365243,8752.5
888,0.3730764012114823,0.4316686263731855,0.6528965,0.6028124,-4894.0,-10151,-2786,0.185425,0.945275935280776,-1994,33376.5
889,0.20356336261049657,0.4492669643099996,0.6212263,0.692376,-4127.0,-22516,-5165,0.0787166666666666,0.4684148077708672,365243,42507.0
890,0.29322499331350976,0.3846699284139067,0.75440615,0.34474453,-4893.0,-21857,-4893,0.2022666666666666,8.963701052249284,365243,13653.0
891,0.7206481010122289,0.3327833049743556,0.21396685,0.35458997,-7007.0,-16536,-85,0.1894333333333333,3.944299320223044,-1784,25573.5
892,0.3609332261982326,0.396634621394818,0.5620605,0.59608644,-5323.0,-19974,-3479,0.28536,4.341782764591029,-3081,64206.0
893,0.7087102727451291,0.339377984663645,0.45253357,0.1886642,-4718.0,-13965,-4718,0.3821666666666666,1.7941920551238555,-940,20637.0
894,0.5921896848594788,0.1755456288374789,0.53527623,0.541178,-2921.0,-15494,-4081,0.3695652173913043,1.78610056239632,-4419,38250.0
895,0.637997871868165,0.3253871886438072,0.18848953,0.63755316,-2772.0,-14134,-4514,0.2916666666666667,2.765396331652248,-1908,43312.5
896,0.3271978407708699,0.2368698329866509,0.53527623,0.73023033,-10818.0,-25051,-4335,0.2744366197183098,3.62695279578984,365243,35073.0
897,0.6882959381397789,0.3883250647446247,0.14644207,0.23118396,-6856.0,-22164,-4597,0.11772,4.568687765915969,-4512,26487.0
898,0.4739060872107542,0.3604680102494045,0.44183582,0.6186359,-1694.0,-12509,-2458,0.20013,0.1418852371896983,-112,90058.5
899,0.5217326847645092,0.3408985962008425,0.38079968,0.6263592,-2716.0,-14517,-4779,0.15128,0.3448363281255862,-2060,17019.0
900,0.48547343329782766,0.3545779853442869,0.39277387,0.6551798,-7022.0,-15155,-532,0.1187692307692307,2.548510137265514,-256,34740.0
901,0.2133789712570035,0.4499053277776391,0.7032033,0.6029433,-2421.0,-21363,-4857,0.2055,10.03339565315029,365243,9247.5
902,0.48542409376448803,0.3275577444201777,0.67065173,0.26205957,-3951.0,-18937,-2472,0.12382,2.078562093508274,-431,27859.5
903,0.5111099138722321,0.4412704664724291,0.367291,0.6541713,-4085.0,-11912,-4566,0.3173333333333333,3.136607485218157,-451,21420.0
904,0.637116781738057,0.4005493422033856,0.10411992,0.46761766,-9014.0,-20350,-3897,0.1702,2.4343221817980654,-3909,45954.0
905,0.6436946968860475,0.2066868859752578,0.37064964,0.22392364,-13608.0,-23323,-4031,0.20468,1.5597220007393495,365243,23026.5
906,0.6868447805607273,0.3222923515644011,0.17044613,0.5641449,-4626.0,-11389,-3438,0.19472,2.8029246753719983,-3161,21906.0
907,0.3655083602692981,0.4255935875920749,0.52629495,0.7252391,-6626.0,-21347,-4806,0.6330714285714286,3.071073661671808,365243,39883.5
908,0.16923284259519436,0.6699829137208393,0.8658959,0.48194712,-7244.0,-22111,-4194,0.3768571428571428,1.3373336568745176,365243,23742.0
909,0.18694776594429774,0.6317474456904494,0.84543794,0.6781248,-7193.0,-13160,-747,0.2466333333333333,3.017751115549294,-2855,33295.5
910,0.8091420744036242,0.3049696273733777,0.074460685,0.24214499,-7440.0,-15161,-3708,0.20028125,2.198266808807059,-3564,28840.5
911,0.5313141472032182,0.4045798670898571,0.31236538,0.6254222,-6639.0,-12790,-2923,0.2700666666666667,6.552632321350638,-635,36459.0
912,0.41349504754709027,0.4606341072171079,0.60238636,0.49229965,-1828.0,-12140,-4254,0.15545,1.788672199811625,-2281,13990.5
913,0.6002808469904539,0.2746731757188008,0.6642483,0.10616477,-7633.0,-16076,-4088,0.2124,2.8391717827317864,-553,23895.0
914,0.5138576436262139,0.2877333886330557,0.53527623,0.63632935,-644.0,-14411,-2198,0.27885,0.9050596099380526,-226,25096.5
915,0.19997116812798615,0.4978702485173193,0.7713616,0.67481774,-7873.0,-20860,-4205,0.36695,1.8302979515786968,365243,33025.5
916,0.840801721409935,0.168311233644879,0.20559815,0.048468694,-449.0,-11986,-1980,0.0714285714285714,10.620975977978109,-1015,13500.0
917,0.5084059229306921,0.4036775713340689,0.5954562,0.28893438,-441.0,-14162,-3828,0.16332,1.802595260038653,-1202,36747.0
918,0.42921921367034677,0.3694847961421629,0.47764915,0.6065029,-9412.0,-19502,-3013,0.1766,2.010677446654552,-1600,19867.5
919,0.19298977386834446,0.4871901415769357,0.77008706,0.6433138,-4304.0,-24050,-4323,0.3853,7.92686005419263,365243,17338.5
920,0.4408224955706434,0.3194275168378334,0.5208976,0.40396455,-1644.0,-22760,-4644,0.24644,5.565855968160305,365243,27724.5
921,0.4171027011599596,0.4598868241228422,0.4632753,0.57404906,-5765.0,-14590,-4152,0.0997714285714285,1.6161409414402472,-855,15714.0
922,0.5588448393252973,0.4219669926144714,0.5585066,0.249114,-645.0,-17203,-750,0.264275,2.939384917103616,-6266,47569.5
923,0.45730660597956024,0.2883091950598903,0.66263777,0.14999802,-10169.0,-21909,-4449,0.0781297709923664,2.6534979594745822,365243,9211.5
924,0.2566946146866497,0.5687604890771751,0.6956219,0.5816344,-6412.0,-12786,-3829,0.11545,1.8460847781981649,-2178,31171.5
925,0.6283873640871824,0.2673658482816589,0.22009465,0.57884884,-3082.0,-16093,-3169,0.1975166666666666,4.706688834965567,-2843,53329.5
926,0.6228355703065427,0.2367889675213807,0.53527623,0.13140824,-5537.0,-20516,-4067,0.3214666666666667,5.785687033554465,365243,21699.0
927,0.18914125458422262,0.6614782773440292,0.40314168,0.7344396,-3944.0,-21642,-4675,0.1470888888888888,11.010295969665073,365243,29785.5
928,0.8799020783162622,0.099136039171247,0.062103037,0.23637784,-6392.0,-12931,-3866,0.242125,3.0199637947596614,-1317,26149.5
929,0.4238530291516025,0.475632826758858,0.7886808,0.21826382,-3402.0,-12594,-2574,0.1792333333333333,2.145654792262164,-2786,24196.5
930,0.4800896224656527,0.3584077892800089,0.45432106,0.5983641,-9727.0,-9764,-2454,0.0783466666666666,2.492216448069473,-332,26442.0
931,0.5790034196727676,0.3747569548964843,0.18195911,0.43201286,-3227.0,-23381,-4557,0.1813666666666666,3.058506282644835,365243,24484.5
932,0.3799956377937323,0.5456452301040481,0.50287825,0.36025512,-3428.0,-22330,-4016,0.1191818181818181,6.975166092256058,-5110,11799.0
933,0.3612557018257004,0.4536751292750849,0.6212263,0.70596564,-658.0,-17710,-1112,0.3496,1.0360080504014046,-2953,31464.0
934,0.762624930549565,0.1861718776731503,0.391055,0.13792822,-9729.0,-15385,-4296,0.2579545454545454,3.2308359537540854,-2284,25537.5
935,0.5572282578246784,0.2785618638543742,0.29708663,0.5275217,-5744.0,-21318,-4610,0.1282444444444444,4.574133274001335,-13561,25969.5
936,0.614475480157887,0.2594612099213507,0.47944897,0.26531175,-2234.0,-12916,-4743,0.15,10.620975977978109,-3601,13500.0
937,0.3392496411801709,0.4312513030534834,0.7151031,0.5321683,-4038.0,-11989,-4048,0.2193928571428571,5.552278022568369,-3317,27643.5
938,0.7519954543663765,0.175166234252625,0.30467218,0.20031261,-2024.0,-21533,-1189,0.29516,12.286346593134612,-2574,33205.5
939,0.4401983503675251,0.3709682123526738,0.47225335,0.6170921,-7017.0,-13242,-4316,0.138075,2.74553671684854,-783,24853.5
940,0.33541657918381634,0.5377569912663933,0.4650692,0.54216605,-7255.0,-20071,-3442,0.09335,6.522778132273954,-7303,16803.0
941,0.364664476269384,0.3462516147989085,0.27213368,0.76401937,-10609.0,-23215,-1153,0.0833333333333333,10.620975977978109,365243,11250.0
942,0.2002575354404536,0.636347291046593,0.7062051,0.5664502,-1053.0,-20485,-450,0.27548,8.360844598676076,365243,30991.5
943,0.3564967767291134,0.5943240082328307,0.7016958,0.29994535,-210.0,-13506,-4537,0.164275,2.020678768659989,-1663,29569.5
944,0.20158115963854603,0.6998389665319553,0.7636399,0.58681333,-2120.0,-10967,-3541,0.1640285714285714,4.256170107465995,-1228,25834.5
945,0.770161185943919,0.2539739144549894,0.12931429,0.30844286,-5053.0,-14557,-5079,0.0959206349206349,1.0780536447814848,-2517,27193.5
946,0.24849589167429606,0.639165612800595,0.6212263,0.61178213,-8410.0,-21459,-4119,0.509,2.9036947910837663,365243,32067.0
947,0.7616749873441525,0.2957009128082802,0.2020866,0.3678846,-3934.0,-9173,-1711,0.14172,3.5631677749233592,-241,15943.5
948,0.8113406260724186,0.1553241056241264,0.2213352,0.23205961,-3982.0,-15965,-3987,0.2405142857142857,1.9522972394078408,-4008,37881.0
949,0.5713893265331457,0.4299495561248664,0.16146308,0.63584346,-4132.0,-18035,-1017,0.1437111111111111,3.760169122667034,-2026,29101.5
950,0.734143425038845,0.178978339677707,0.00052726525,0.5511726,-771.0,-18915,-2470,0.1875571428571428,11.877728931461018,-993,59080.5
951,0.1643825954974236,0.6871796894995921,0.69409263,0.54920816,-6797.0,-20544,-3881,0.1466363636363636,10.887460851050037,-4159,36292.5
952,0.7774176515232958,0.0071142771043498,0.53527623,0.021932134,-5797.0,-14001,-2598,0.1071428571428571,10.620975977978109,-284,6750.0
953,0.21508531386088722,0.4843015808570404,0.80274546,0.5979962,-4060.0,-16133,-4690,0.1448555555555555,1.308201152003119,-3904,58666.5
954,0.19365350438288445,0.475086205588734,0.7662337,0.6102957,-12965.0,-19729,-3252,0.125,10.620975977978109,-2447,16875.0
955,0.29690139377290753,0.5696279478248909,0.70018387,0.56957304,-2032.0,-12893,-671,0.19018,1.9168748142531555,-878,42790.5
956,0.746431267059795,0.2111411092793598,0.18520208,0.44442096,-5596.0,-14244,-4798,0.2555142857142857,1.939910243558596,-2410,40243.5
957,0.42024443552619795,0.3375737505304879,0.54423475,0.4338865,-10389.0,-22190,-4911,0.3025,2.7681660652494555,365243,29947.5
958,0.20783752542667974,0.6763174861487629,0.7366227,0.6775469,-417.0,-18503,-2055,0.3531333333333333,4.983678085595367,-368,23836.5
959,0.356042925007661,0.4120363103954811,0.5208976,0.68946207,-4152.0,-19736,-3253,0.17924,2.767316807046294,-1665,20164.5
960,0.5274530039944595,0.4222755049206258,0.22508687,0.51668614,-658.0,-17370,-669,0.1318666666666666,18.591808020228527,-1336,17802.0
961,0.28833164380792664,0.5893132719982455,0.49566582,0.6556885,-6215.0,-12285,-4398,0.12405,8.48181473354439,-3347,22329.0
962,0.744665336518101,0.1859503893883936,0.34252888,0.19134985,-3684.0,-15768,-5119,0.14548,2.009760307264674,-3988,32733.0
963,0.6306621465469828,0.2817031498628318,0.26504943,0.5729258,-5169.0,-11370,-3847,0.10636,1.9277550027686048,-1188,23931.0
964,0.6758145733515731,0.2692403891621725,0.5100895,0.13960338,-6748.0,-10874,-722,0.0642857142857142,5.851968762364468,-634,20250.0
965,0.5110762301998255,0.4222586144288444,0.48665315,0.42092025,-353.0,-11136,-2882,0.0869733333333333,2.568025050498868,-1654,29353.5
966,0.774147559792347,0.0446076267548007,0.53527623,0.1375179,0.0,-12590,-4002,0.1836111111111111,3.617384183372296,-117,14872.5
967,0.5374175976572122,0.3103326923596571,0.57091653,0.32015786,-10571.0,-18027,-1500,0.2112857142857143,2.7750950317010803,-199,39933.0
968,0.4060692117637617,0.5425128932270527,0.5549468,0.5538759,-225.0,-10878,-3424,0.2321,0.6623323900712075,-1912,31333.5
969,0.8357708804344672,0.1205496013786904,0.05203641,0.31361613,-4593.0,-15730,-937,0.0978666666666666,9.22395307949271,-3941,13212.0
970,0.5709508149260832,0.4217027989689329,0.3893388,0.5396844,-654.0,-14379,-640,0.2416296296296296,0.4232916217219218,-7174,29358.0
971,0.2693641765058265,0.4480551484823247,0.70769936,0.5922266,-3074.0,-12718,-4702,0.1076363636363636,7.962014379761895,-4756,26640.0
972,0.3032879501407123,0.5324252123467714,0.49927202,0.7389696,-8499.0,-10097,-2722,0.1428571428571428,10.620975977978109,-2651,11250.0
973,0.5304457701245556,0.2809243693235316,0.7091891,0.07532919,-10582.0,-21997,-4299,0.1711333333333333,2.855928551354081,-3323,23103.0
974,0.3343016228698741,0.4017304640820629,0.7267112,0.42821795,-8199.0,-20070,-3313,0.1662,4.6383977884151495,-12185,22437.0
975,0.4357056925973463,0.329163858440971,0.4974689,0.46010202,-5338.0,-20915,-1064,0.0822857142857142,4.216917870337689,365243,10368.0
976,0.5739886758335713,0.3391492761058229,0.7530674,0.20590457,-7675.0,-16120,-4377,0.6039,0.9775116365463576,-2897,54351.0
977,0.5345355516623952,0.3247506175889753,0.53527623,0.4945352,-3636.0,-13049,-2543,0.280875,2.4291033470041468,-3054,40446.0
978,0.4928286720399457,0.3184994908153,0.5208976,0.4011036,-6792.0,-15118,-4379,0.1875,10.620975977978109,-6241,20250.0
979,0.3183318285038469,0.4532682819746829,0.6195277,0.70660526,-5550.0,-11759,-4024,0.2084186046511628,1.5530351902124373,-4598,40329.0
980,0.5672363962429943,0.3812305718477267,0.6754133,1.3159556e-06,-1425.0,-12267,-1264,0.04,10.620975977978109,-4718,9000.0
981,0.2944531878142122,0.4267418023238717,0.62461466,0.6191568,-9019.0,-18770,-2327,0.0673823529411764,5.75012101135548,-11167,10309.5
982,0.2950408895565681,0.5986591836529054,0.5460232,0.631656,-7789.0,-16988,-522,0.1094333333333333,1.5365561313066989,-1174,29547.0
983,0.7015008165313599,0.3514513815755972,0.00052726525,0.50249475,-11493.0,-20877,-4166,0.2839666666666666,6.536257948055835,-8147,38335.5
984,0.28581643678748875,0.6175565459702166,0.5567274,0.6577639,-6757.0,-13523,-3838,0.1426666666666666,2.388326837702648,-3697,9630.0
985,0.399524388955552,0.5008963316612236,0.41184855,0.73661757,-6109.0,-11568,-585,0.1655,4.2374892445733225,-2067,31279.5
986,0.2895357458764512,0.3774012167969669,0.5620605,0.53679305,-296.0,-24531,-5651,0.122,6.693927591099569,365243,24705.0
987,0.5474142229654952,0.272498985731102,0.57091653,0.20352283,-3038.0,-22092,-4677,0.28275,4.619788600346375,365243,15268.5
988,0.48721335588149806,0.3572047018324467,0.44361532,0.6065916,-9657.0,-19783,-3327,0.3870869565217391,3.076612026921444,-1923,40063.5
989,0.46534048174618775,0.4747394753347597,0.3264752,0.6517333,-4611.0,-10751,-3383,0.10908,4.39092013706075,-546,24543.0
990,0.3840061481482534,0.4861627338754116,0.62967426,0.43676233,-3842.0,-10538,-3187,0.169054054054054,7.924138708770245,-1177,28147.5
991,0.5711553285114354,0.3381238211035809,0.17982176,0.6695753,-5879.0,-12642,-4596,0.1473090909090909,6.552632321350638,-1490,36459.0
992,0.527570557028626,0.520792770389925,0.35069585,0.49299926,-3924.0,-16448,-4,0.2494857142857142,3.022382211602359,-696,39294.0
993,0.574742816530891,0.3908534947425214,0.35233998,0.43423566,-930.0,-13793,-5016,0.1614,0.8613841127909527,-2645,47209.5
994,0.7104895379405058,0.2007296587976773,0.53527623,0.17019062,-3872.0,-11950,-4593,0.2391077134410368,0.3491252752225504,-2270,36031.5
995,0.42081858743795414,0.304658444489106,0.38591468,0.50893384,-6142.0,-20668,-4173,0.0555555555555555,10.620975977978109,365243,6750.0
996,0.16041900659984717,0.5017712582992351,0.7688076,0.6896915,-149.0,-22652,-3972,0.1821714285714285,4.859400320881768,365243,28692.0
997,0.6076375805447607,0.3037248006611022,0.33125088,0.56700325,-2429.0,-14499,-2447,0.2921333333333333,5.308711817198564,-2482,39438.0
998,0.5194347802616256,0.4443443492511166,0.40835884,0.45826653,-4290.0,-10396,-3057,0.1797708333333333,6.537400839618179,-204,38830.5
999,0.22696464742336545,0.4074960304429795,0.7688076,0.39905664,-11581.0,-24822,-4058,0.19735,20.37251547594485,-1595,17761.5
